{
"type": "FeatureCollection",
"name": "assam_risk_zones",
"crs": { "type": "name", "properties": { "name": "urn:ogc:def:crs:OGC:1.3:CRS84" } },
"features": [
{ "type": "Feature", "properties": { "dt_code": "309", "district": "Tinsukia", "st_code": "18", "year": "2011_c", "st_nm": "Assam", "flood_events": 73.0, "fatalities": 1846.0, "injured": 231.0, "displaced": 0.0, "earthquake_events": 0.0, "max_earthquake_magnitude": 0.0, "avg_earthquake_magnitude": 0.0, "population": 1327929.0, "risk_score": 0.2095693779904306, "risk_level": "LOW" }, "geometry": { "type": "Polygon", "coordinates": [ [ [ 95.484137958125118, 27.241402593151513 ], [ 95.466856789199696, 27.262562935518734 ], [ 95.450904940960854, 27.231234636429605 ], [ 95.441932026326512, 27.256517123413815 ], [ 95.440602705639947, 27.26036445838967 ], [ 95.460542515938499, 27.270532415111582 ], [ 95.445919988386223, 27.294440853890126 ], [ 95.480814656408683, 27.320822579438868 ], [ 95.467521449542986, 27.316700434821875 ], [ 95.448246299587723, 27.335387490418903 ], [ 95.465859798684775, 27.342532541088353 ], [ 95.473835722804196, 27.366990599149165 ], [ 95.453895912505644, 27.374960078742014 ], [ 95.439273384953367, 27.364242502737838 ], [ 95.411357650535393, 27.387051702951851 ], [ 95.390088519550275, 27.39089903792771 ], [ 95.362837445475577, 27.382654748693728 ], [ 95.34854724809496, 27.393921943980171 ], [ 95.30933228784113, 27.38897537043978 ], [ 95.295374420632143, 27.415082286347388 ], [ 95.248183536258907, 27.404639519984347 ], [ 95.251839168146972, 27.434044151585546 ], [ 95.219935471669288, 27.44366248902519 ], [ 95.22890838630363, 27.498624417251733 ], [ 95.266794025870894, 27.509341993255909 ], [ 95.265464705184314, 27.543968008038632 ], [ 95.282745874109736, 27.547265723732224 ], [ 95.27310829913209, 27.57419706856323 ], [ 95.284739855139577, 27.567601637176043 ], [ 95.300359373206788, 27.584639834926271 ], [ 95.318305202475486, 27.587387931337599 ], [ 95.279090242221656, 27.672853729729873 ], [ 95.274769949990315, 27.676975874346866 ], [ 95.270117327587315, 27.680823209322721 ], [ 95.26978499741567, 27.681372828604989 ], [ 95.27377295947538, 27.689067498556703 ], [ 95.279090242221656, 27.690166737121235 ], [ 95.346553267065104, 27.701159122766544 ], [ 95.391750170408486, 27.726716419391884 ], [ 95.405043377274183, 27.769586723408587 ], [ 95.466856789199696, 27.817953220247947 ], [ 95.493110872759459, 27.858075427853322 ], [ 95.515376994259512, 27.859449476058984 ], [ 95.514712333916222, 27.879510579861673 ], [ 95.515044664087867, 27.879785389502807 ], [ 95.519364956319222, 27.883632724478666 ], [ 95.519364956319222, 27.883632724478666 ], [ 95.563564869147683, 27.919357977825918 ], [ 95.570211472580539, 27.936121365935012 ], [ 95.570876132923814, 27.937770223781808 ], [ 95.586163320819381, 27.93694579485841 ], [ 95.606767791461209, 27.954808421532036 ], [ 95.606767791461209, 27.95508323117317 ], [ 95.819126771140802, 27.971297 ], [ 95.819791431484092, 27.971297 ], [ 95.847707165902065, 27.969648142153204 ], [ 95.971666319924736, 27.962503091483754 ], [ 95.969340008723236, 27.960029804713557 ], [ 95.95471748117096, 27.94409084552786 ], [ 95.949067868253039, 27.938045033422942 ], [ 95.952723500141104, 27.920457216390449 ], [ 95.952723500141104, 27.920457216390449 ], [ 95.952723500141104, 27.920182406749316 ], [ 95.929792718297776, 27.902869399357954 ], [ 95.937768642417197, 27.898197635458697 ], [ 95.915502520917144, 27.889403726942451 ], [ 95.925140095894776, 27.881709056990736 ], [ 95.915502520917144, 27.883907534119796 ], [ 95.870970277917039, 27.83334256015138 ], [ 95.870305617573763, 27.832792940869112 ], [ 95.837737260752789, 27.824273841994 ], [ 95.838069590924434, 27.810258550296229 ], [ 95.837737260752789, 27.810258550296229 ], [ 95.837737260752789, 27.809983740655099 ], [ 95.812812497879591, 27.798441735727522 ], [ 95.775923848827276, 27.75364776422289 ], [ 95.779247150543696, 27.734960708625866 ], [ 95.779247150543696, 27.733861470061335 ], [ 95.774594528140696, 27.731937802573405 ], [ 95.761633651446644, 27.727266038674152 ], [ 95.754987048013788, 27.724792751903955 ], [ 95.76528928333471, 27.714624795182047 ], [ 95.76761559453621, 27.687418640709907 ], [ 95.790214046207907, 27.680273590040457 ], [ 95.774926858312341, 27.674502587576669 ], [ 95.770274235909341, 27.658014009108708 ], [ 95.795531328954183, 27.641800240281878 ], [ 95.779911810886986, 27.620914707555791 ], [ 95.788552395349683, 27.603876509805563 ], [ 95.791211036722828, 27.599754365188574 ], [ 95.815803469424381, 27.598655126624042 ], [ 95.815471139252736, 27.597281078418376 ], [ 95.814141818566171, 27.574471878204363 ], [ 95.860668042596117, 27.543143579115231 ], [ 95.863991344312552, 27.543418388756365 ], [ 95.874293579633473, 27.544242817679763 ], [ 95.875622900320039, 27.5126397089495 ], [ 95.886922126155881, 27.497250369046071 ], [ 95.874293579633473, 27.493403034070212 ], [ 95.870637947745394, 27.46674649888034 ], [ 95.853356778819986, 27.457128161440693 ], [ 95.84438386418563, 27.421677717734575 ], [ 95.860003382252842, 27.408212045319072 ], [ 95.857012410708052, 27.420028859887779 ], [ 95.883266494267815, 27.435418199791208 ], [ 95.885592805469315, 27.398318898238294 ], [ 95.907858926969368, 27.43431896122668 ], [ 95.941091944133618, 27.437341867279137 ], [ 95.95471748117096, 27.419754050246645 ], [ 95.969340008723236, 27.427998339480627 ], [ 95.970004669066526, 27.415082286347388 ], [ 95.983297875932223, 27.412059380294927 ], [ 96.015201572409907, 27.368364647354827 ], [ 95.988947488850144, 27.35654783278612 ], [ 95.965352046663526, 27.327967630108319 ], [ 95.975321951812802, 27.324669914414727 ], [ 95.955049811342604, 27.317799673386407 ], [ 95.96003476391725, 27.31092943235809 ], [ 95.897224361476802, 27.282349229680289 ], [ 95.904203295081288, 27.274104940446307 ], [ 95.892239408902157, 27.255417884849283 ], [ 95.856347750364762, 27.271082034393846 ], [ 95.859338721909552, 27.287295803220676 ], [ 95.805168903931815, 27.273005701881775 ], [ 95.800848611700459, 27.284272897168218 ], [ 95.779579480715341, 27.269982795829314 ], [ 95.742026171319736, 27.266685080135723 ], [ 95.720092379991328, 27.249646882385495 ], [ 95.681542080080789, 27.251845359514558 ], [ 95.633686535364262, 27.230410207506207 ], [ 95.609094102662709, 27.226562872530348 ], [ 95.599124197513433, 27.222990347195623 ], [ 95.596797886311933, 27.224639205042418 ], [ 95.579516717386525, 27.235906400328858 ], [ 95.53498447438642, 27.264486603006663 ], [ 95.508730390826656, 27.262013316236466 ], [ 95.503745438252025, 27.248547643820963 ], [ 95.491116891729604, 27.24387587992171 ], [ 95.484137958125118, 27.241402593151513 ] ] ] } },
{ "type": "Feature", "properties": { "dt_code": "308", "district": "Dhemaji", "st_code": "18", "year": "2011_c", "st_nm": "Assam", "flood_events": 197.0, "fatalities": 2304.0, "injured": 216.0, "displaced": 0.0, "earthquake_events": 0.0, "max_earthquake_magnitude": 0.0, "avg_earthquake_magnitude": 0.0, "population": 686133.0, "risk_score": 0.5655502392344498, "risk_level": "MEDIUM" }, "geometry": { "type": "Polygon", "coordinates": [ [ [ 95.515044664087867, 27.879785389502807 ], [ 95.514712333916222, 27.879510579861673 ], [ 95.515376994259512, 27.859449476058984 ], [ 95.493110872759459, 27.858075427853322 ], [ 95.466856789199696, 27.817953220247947 ], [ 95.405043377274183, 27.769586723408587 ], [ 95.391750170408486, 27.726716419391884 ], [ 95.346553267065104, 27.701159122766544 ], [ 95.279090242221656, 27.690166737121235 ], [ 95.27377295947538, 27.689067498556703 ], [ 95.26978499741567, 27.681372828604989 ], [ 95.270117327587315, 27.680823209322721 ], [ 95.246521885400696, 27.656639960903043 ], [ 95.204980613945366, 27.658014009108708 ], [ 95.189028765706524, 27.676426255064598 ], [ 95.19634002948267, 27.703632409536738 ], [ 95.19634002948267, 27.704456838460136 ], [ 95.196007699311025, 27.704182028819002 ], [ 95.117910108975025, 27.685769782863112 ], [ 95.092985346101827, 27.660212486237768 ], [ 95.036156886750959, 27.66845677547175 ], [ 95.016881736795696, 27.656365151261909 ], [ 94.996609596325499, 27.65911324767324 ], [ 94.955732985213459, 27.614044466527474 ], [ 94.894584233631235, 27.578868832462486 ], [ 94.793223531280262, 27.482685458066037 ], [ 94.77128973995184, 27.482410648424903 ], [ 94.746364977078656, 27.437616676920271 ], [ 94.731742449526379, 27.443112869742926 ], [ 94.718781572832327, 27.42744872019836 ], [ 94.693192149615854, 27.421677717734575 ], [ 94.690865838414354, 27.393372324697904 ], [ 94.66461175485459, 27.376883746229943 ], [ 94.666605735884445, 27.352425688169131 ], [ 94.638690001466472, 27.33813558683023 ], [ 94.638357671294827, 27.321372198721132 ], [ 94.62207349288434, 27.332914203648706 ], [ 94.62606145494405, 27.337585967547962 ], [ 94.62905242648884, 27.338685206112494 ], [ 94.628720096317195, 27.340059254318156 ], [ 94.62041184202613, 27.362593644891042 ], [ 94.593160767951446, 27.35847150027405 ], [ 94.592496107608156, 27.377708175153341 ], [ 94.536664638772208, 27.347753924269874 ], [ 94.51306919658559, 27.349127972475536 ], [ 94.498114338861669, 27.329891297596248 ], [ 94.460561029466064, 27.332089774725308 ], [ 94.443279860540656, 27.309005764870161 ], [ 94.441618209682431, 27.310105003434693 ], [ 94.426663351958524, 27.337860777189096 ], [ 94.406058881316682, 27.330715726519646 ], [ 94.39010703307784, 27.350502020681201 ], [ 94.339592846988182, 27.336761538624565 ], [ 94.333610903898602, 27.327692820467185 ], [ 94.311344782398564, 27.318898911950939 ], [ 94.309683131540339, 27.318898911950939 ], [ 94.299048566047787, 27.350502020681201 ], [ 94.24720505927155, 27.391998276492242 ], [ 94.264818558368603, 27.399692946443956 ], [ 94.268474190256669, 27.397769278956027 ], [ 94.290407981585076, 27.383204367975992 ], [ 94.293066622958222, 27.385677654746189 ], [ 94.305362839308998, 27.396944850032629 ], [ 94.307024490167208, 27.434868580508944 ], [ 94.307024490167208, 27.435967819073475 ], [ 94.277779435062655, 27.466471689239206 ], [ 94.269803510943234, 27.51236489930837 ], [ 94.269471180771603, 27.515662615001961 ], [ 94.268474190256669, 27.515387805360827 ], [ 94.265815548883523, 27.520059569260084 ], [ 94.258171954935747, 27.534899289881253 ], [ 94.258504285107392, 27.555510012966206 ], [ 94.224938937771498, 27.57419706856323 ], [ 94.226600588629708, 27.597830697700644 ], [ 94.209984080047576, 27.603876509805563 ], [ 94.212642721420721, 27.606899415858024 ], [ 94.223609617084932, 27.618166611144463 ], [ 94.237567484293919, 27.632731522124498 ], [ 94.246208068756616, 27.63383076068903 ], [ 94.256177973905892, 27.635204808894692 ], [ 94.261495256652182, 27.636029237818089 ], [ 94.264818558368603, 27.630807854636569 ], [ 94.266480209226813, 27.628334567866375 ], [ 94.267144869570103, 27.627510138942977 ], [ 94.257507294592472, 27.61789180150333 ], [ 94.254516323047682, 27.614319276168604 ], [ 94.277447104891024, 27.589586408466662 ], [ 94.298051575532853, 27.601952842317633 ], [ 94.362855959003156, 27.575021497486627 ], [ 94.364517609861366, 27.574746687845494 ], [ 94.431648304533155, 27.600303984470838 ], [ 94.431648304533155, 27.600303984470838 ], [ 94.4319806347048, 27.600303984470838 ], [ 94.461890350152629, 27.555510012966206 ], [ 94.477842198391471, 27.576120736051159 ], [ 94.498778999204958, 27.5722734010753 ], [ 94.54464056289163, 27.601128413394235 ], [ 94.573885617996169, 27.603876509805563 ], [ 94.587511155033511, 27.618441420785597 ], [ 94.633040388548551, 27.624212423249382 ], [ 94.662617773824735, 27.645372765616603 ], [ 94.682557584123288, 27.645922384898867 ], [ 94.687874866869564, 27.665159059778158 ], [ 94.708811667683051, 27.656639960903043 ], [ 94.725095846093538, 27.669006394754014 ], [ 94.754340901198077, 27.660762105520035 ], [ 94.793555861451892, 27.695388120302756 ], [ 94.840746745825143, 27.700609503484277 ], [ 94.85237830183263, 27.727815657956416 ], [ 94.961714928303024, 27.761617243815738 ], [ 95.136188268415367, 27.815754743118884 ], [ 95.208968576005077, 27.837739514409503 ], [ 95.248848196602182, 27.850105948260474 ], [ 95.308667627497854, 27.868243384575234 ], [ 95.379453954057709, 27.839388372256298 ], [ 95.515044664087867, 27.879785389502807 ] ] ] } },
{ "type": "Feature", "properties": { "dt_code": "310", "district": "Dibrugarh", "st_code": "18", "year": "2011_c", "st_nm": "Assam", "flood_events": 150.0, "fatalities": 2353.0, "injured": 240.0, "displaced": 4.0, "earthquake_events": 0.0, "max_earthquake_magnitude": 0.0, "avg_earthquake_magnitude": 0.0, "population": 1326335.0, "risk_score": 0.43062200956937796, "risk_level": "MEDIUM" }, "geometry": { "type": "Polygon", "coordinates": [ [ [ 95.270117327587315, 27.680823209322721 ], [ 95.274769949990315, 27.676975874346866 ], [ 95.279090242221656, 27.672853729729873 ], [ 95.318305202475486, 27.587387931337599 ], [ 95.300359373206788, 27.584639834926271 ], [ 95.284739855139577, 27.567601637176043 ], [ 95.27310829913209, 27.57419706856323 ], [ 95.282745874109736, 27.547265723732224 ], [ 95.265464705184314, 27.543968008038632 ], [ 95.266794025870894, 27.509341993255909 ], [ 95.22890838630363, 27.498624417251733 ], [ 95.219935471669288, 27.44366248902519 ], [ 95.251839168146972, 27.434044151585546 ], [ 95.248183536258907, 27.404639519984347 ], [ 95.295374420632143, 27.415082286347388 ], [ 95.30933228784113, 27.38897537043978 ], [ 95.34854724809496, 27.393921943980171 ], [ 95.362837445475577, 27.382654748693728 ], [ 95.390088519550275, 27.39089903792771 ], [ 95.411357650535393, 27.387051702951851 ], [ 95.439273384953367, 27.364242502737838 ], [ 95.453895912505644, 27.374960078742014 ], [ 95.473835722804196, 27.366990599149165 ], [ 95.465859798684775, 27.342532541088353 ], [ 95.448246299587723, 27.335387490418903 ], [ 95.467521449542986, 27.316700434821875 ], [ 95.480814656408683, 27.320822579438868 ], [ 95.445919988386223, 27.294440853890126 ], [ 95.460542515938499, 27.270532415111582 ], [ 95.440602705639947, 27.26036445838967 ], [ 95.441932026326512, 27.256517123413815 ], [ 95.450904940960854, 27.231234636429605 ], [ 95.466856789199696, 27.262562935518734 ], [ 95.484137958125118, 27.241402593151513 ], [ 95.468850770229551, 27.221066679707693 ], [ 95.458880865080275, 27.20760100729219 ], [ 95.466524459028065, 27.181768901025716 ], [ 95.453231252162354, 27.157310842964904 ], [ 95.46220416679671, 27.14989098265432 ], [ 95.455557563363854, 27.135051262033155 ], [ 95.453231252162354, 27.1295550692105 ], [ 95.448910959930998, 27.132303165621828 ], [ 95.440935035811577, 27.129005449928236 ], [ 95.439605715125012, 27.125982543875775 ], [ 95.433956102207091, 27.125982543875775 ], [ 95.397399783326406, 27.110593203972343 ], [ 95.378789293714419, 27.098501579762502 ], [ 95.376462982512933, 27.096852721915706 ], [ 95.371145699766643, 27.093555006222115 ], [ 95.369151718736788, 27.105097011149688 ], [ 95.368487058393512, 27.109768775048945 ], [ 95.358184823072591, 27.165829941840016 ], [ 95.356190842042736, 27.168303228610213 ], [ 95.337248022259104, 27.183692568513646 ], [ 95.327942777453117, 27.186165855283839 ], [ 95.31398491024413, 27.183692568513646 ], [ 95.286401505997802, 27.196333812005747 ], [ 95.284075194796301, 27.197433050570279 ], [ 95.269452667244025, 27.190013190259698 ], [ 95.257821111236538, 27.183967378154776 ], [ 95.254497809520117, 27.193036096312156 ], [ 95.237216640594696, 27.189738380618564 ], [ 95.236884310423051, 27.189738380618564 ], [ 95.237548970766341, 27.169952086457009 ], [ 95.237548970766341, 27.169677276815875 ], [ 95.219935471669288, 27.165005512916618 ], [ 95.210962557034932, 27.174074231073998 ], [ 95.212956538064788, 27.165829941840016 ], [ 95.19501070879609, 27.155112365835841 ], [ 95.194678378624459, 27.155112365835841 ], [ 95.183379152788604, 27.163081845428692 ], [ 95.180055851072183, 27.141921503061472 ], [ 95.170418276094551, 27.144944409113933 ], [ 95.162110021803485, 27.127906211363705 ], [ 95.154134097684064, 27.136150500597687 ], [ 95.15313710716913, 27.124058876387846 ], [ 95.135855938243722, 27.13862378736788 ], [ 95.123892052064591, 27.130104688492764 ], [ 95.116248458116814, 27.136150500597687 ], [ 95.11525146760188, 27.127081782440307 ], [ 95.112592826228749, 27.136425310238817 ], [ 95.065069611683853, 27.135600881315419 ], [ 95.04878543327338, 27.155387175476974 ], [ 94.978331436885156, 27.14796731516639 ], [ 94.984313379974722, 27.168578038251344 ], [ 94.968693861907525, 27.224364395401285 ], [ 94.891593262086445, 27.162257416505291 ], [ 94.837091113937078, 27.097402341197974 ], [ 94.835429463078853, 27.092180958016449 ], [ 94.833103151877367, 27.092455767657583 ], [ 94.832106161362432, 27.091356529093051 ], [ 94.808510719175814, 27.096577912274576 ], [ 94.817483633810156, 27.114440538948202 ], [ 94.760655174459288, 27.129829878851631 ], [ 94.753343910683142, 27.14054745485581 ], [ 94.778601003727985, 27.171051325021541 ], [ 94.768298768407064, 27.184791807078174 ], [ 94.780927314929485, 27.199631527699342 ], [ 94.765972457205564, 27.220242250784295 ], [ 94.769960419265274, 27.237830067816788 ], [ 94.741380024504011, 27.247173595615301 ], [ 94.750020608966722, 27.268059128341388 ], [ 94.7373920624443, 27.274654559728571 ], [ 94.717784582317393, 27.263112554800998 ], [ 94.720775553862183, 27.245524737768505 ], [ 94.694853800474064, 27.271906463317244 ], [ 94.678237291891932, 27.243326260639442 ], [ 94.642013303182893, 27.246623976333034 ], [ 94.593493098123076, 27.146318457319595 ], [ 94.593160767951446, 27.145494028396197 ], [ 94.593160767951446, 27.145768838037331 ], [ 94.592828437779801, 27.145768838037331 ], [ 94.563915712846892, 27.181219281743449 ], [ 94.570562316279748, 27.184516997437044 ], [ 94.574550278339458, 27.191662048106494 ], [ 94.58651416451859, 27.26723469941799 ], [ 94.613765238593274, 27.306532478099967 ], [ 94.606453974817143, 27.328792059031716 ], [ 94.62606145494405, 27.337585967547962 ], [ 94.62207349288434, 27.332914203648706 ], [ 94.638357671294827, 27.321372198721132 ], [ 94.638690001466472, 27.33813558683023 ], [ 94.666605735884445, 27.352425688169131 ], [ 94.66461175485459, 27.376883746229943 ], [ 94.690865838414354, 27.393372324697904 ], [ 94.693192149615854, 27.421677717734575 ], [ 94.718781572832327, 27.42744872019836 ], [ 94.731742449526379, 27.443112869742926 ], [ 94.746364977078656, 27.437616676920271 ], [ 94.77128973995184, 27.482410648424903 ], [ 94.793223531280262, 27.482685458066037 ], [ 94.894584233631235, 27.578868832462486 ], [ 94.955732985213459, 27.614044466527474 ], [ 94.996609596325499, 27.65911324767324 ], [ 95.016881736795696, 27.656365151261909 ], [ 95.036156886750959, 27.66845677547175 ], [ 95.092985346101827, 27.660212486237768 ], [ 95.117910108975025, 27.685769782863112 ], [ 95.196007699311025, 27.704182028819002 ], [ 95.19634002948267, 27.704456838460136 ], [ 95.19634002948267, 27.703632409536738 ], [ 95.189028765706524, 27.676426255064598 ], [ 95.204980613945366, 27.658014009108708 ], [ 95.246521885400696, 27.656639960903043 ], [ 95.270117327587315, 27.680823209322721 ] ] ] } },
{ "type": "Feature", "properties": { "dt_code": "307", "district": "Lakhimpur", "st_code": "18", "year": "2011_c", "st_nm": "Assam", "flood_events": 209.0, "fatalities": 2669.0, "injured": 235.0, "displaced": 0.0, "earthquake_events": 0.0, "max_earthquake_magnitude": 0.0, "avg_earthquake_magnitude": 0.0, "population": 1042137.0, "risk_score": 0.6, "risk_level": "MEDIUM" }, "geometry": { "type": "Polygon", "coordinates": [ [ [ 94.265815548883523, 27.520059569260084 ], [ 94.268474190256669, 27.515387805360827 ], [ 94.269471180771603, 27.515662615001961 ], [ 94.269803510943234, 27.51236489930837 ], [ 94.277779435062655, 27.466471689239206 ], [ 94.307024490167208, 27.435967819073475 ], [ 94.307024490167208, 27.434868580508944 ], [ 94.305362839308998, 27.396944850032629 ], [ 94.293066622958222, 27.385677654746189 ], [ 94.290407981585076, 27.383204367975992 ], [ 94.268474190256669, 27.397769278956027 ], [ 94.264818558368603, 27.399692946443956 ], [ 94.24720505927155, 27.391998276492242 ], [ 94.299048566047787, 27.350502020681201 ], [ 94.309683131540339, 27.318898911950939 ], [ 94.311344782398564, 27.318898911950939 ], [ 94.333610903898602, 27.327692820467185 ], [ 94.339592846988182, 27.336761538624565 ], [ 94.39010703307784, 27.350502020681201 ], [ 94.406058881316682, 27.330715726519646 ], [ 94.426663351958524, 27.337860777189096 ], [ 94.441618209682431, 27.310105003434693 ], [ 94.443279860540656, 27.309005764870161 ], [ 94.460561029466064, 27.332089774725308 ], [ 94.498114338861669, 27.329891297596248 ], [ 94.51306919658559, 27.349127972475536 ], [ 94.536664638772208, 27.347753924269874 ], [ 94.592496107608156, 27.377708175153341 ], [ 94.593160767951446, 27.35847150027405 ], [ 94.62041184202613, 27.362593644891042 ], [ 94.628720096317195, 27.340059254318156 ], [ 94.62905242648884, 27.338685206112494 ], [ 94.62606145494405, 27.337585967547962 ], [ 94.606453974817143, 27.328792059031716 ], [ 94.613765238593274, 27.306532478099967 ], [ 94.58651416451859, 27.26723469941799 ], [ 94.574550278339458, 27.191662048106494 ], [ 94.570562316279748, 27.184516997437044 ], [ 94.563915712846892, 27.181219281743449 ], [ 94.530682695682643, 27.164455893634354 ], [ 94.526694733622932, 27.161982606864161 ], [ 94.533341337055788, 27.14769250552526 ], [ 94.51074288538409, 27.142196312702605 ], [ 94.507087253496024, 27.121585589617652 ], [ 94.479503849249681, 27.13889859700901 ], [ 94.467872293242195, 27.113616110024804 ], [ 94.433974615734655, 27.119112302847455 ], [ 94.418687427839103, 27.093005386939851 ], [ 94.369834892607642, 27.098776389403636 ], [ 94.339592846988182, 27.082013001294541 ], [ 94.322644008234406, 27.087784003758326 ], [ 94.312009442741839, 27.071020615649232 ], [ 94.27877642557759, 27.094929054427777 ], [ 94.254848653219327, 27.088333623040594 ], [ 94.234244182577484, 27.071570234931496 ], [ 94.223941947256563, 27.031997646608385 ], [ 94.187385628375893, 27.03529536230198 ], [ 94.189047279234103, 27.004516682495115 ], [ 94.185723977517682, 27.003417443930584 ], [ 94.133880470741431, 26.988302913668285 ], [ 94.134212800913076, 26.969066238788997 ], [ 94.083033954480129, 26.960272330272748 ], [ 94.080042982935339, 26.959997520631617 ], [ 94.060103172636786, 26.98280672084563 ], [ 94.059770842465156, 26.98280672084563 ], [ 94.025873164957602, 26.95752423386142 ], [ 94.024211514099392, 26.955875376014625 ], [ 94.024211514099392, 26.951203612115368 ], [ 94.022882193412826, 26.932516556518344 ], [ 94.022882193412826, 26.93196693723608 ], [ 94.021885202897892, 26.93224174687721 ], [ 93.996628109853063, 26.942134893957991 ], [ 93.97569130903959, 26.924272267284362 ], [ 93.973697328009735, 26.922623409437566 ], [ 93.963062762517168, 26.924272267284362 ], [ 93.962398102173879, 26.926745554054559 ], [ 93.93780566947234, 26.930318079389284 ], [ 93.93248838672605, 26.929218840824753 ], [ 93.925177122949918, 26.927844792619087 ], [ 93.920524500546918, 26.926745554054559 ], [ 93.917865859173787, 26.910806594868859 ], [ 93.916868868658852, 26.908333308098666 ], [ 93.891944105785655, 26.892669158554099 ], [ 93.891944105785655, 26.892394348912969 ], [ 93.891279445442379, 26.864913384799696 ], [ 93.835447976606432, 26.851172902743063 ], [ 93.835115646434787, 26.850898093101929 ], [ 93.823816420598945, 26.825065986835455 ], [ 93.797894667210826, 26.823417128988659 ], [ 93.769978932792853, 26.84485228099701 ], [ 93.789254082748116, 26.859142382335911 ], [ 93.788921752576471, 26.860241620900442 ], [ 93.782275149143615, 26.881127153626526 ], [ 93.780613498285405, 26.885798917525783 ], [ 93.739404557001734, 26.898440161017888 ], [ 93.749042131979365, 26.91382950092132 ], [ 93.744057179404734, 26.958073853143688 ], [ 93.697863285546418, 26.994073916132074 ], [ 93.697530955374773, 26.994348725773204 ], [ 93.697530955374773, 26.994348725773204 ], [ 93.723452708762892, 27.021005260963079 ], [ 93.767320291419708, 27.039417506918969 ], [ 93.770643593136128, 27.062226707132986 ], [ 93.778287187083905, 27.049035844358613 ], [ 93.78094582845705, 27.065524422826577 ], [ 93.783604469830195, 27.05150913112881 ], [ 93.800220978412312, 27.057829752874863 ], [ 93.793574374979471, 27.072394663854894 ], [ 93.803211949957102, 27.058104562515993 ], [ 93.810523213733234, 27.067448090314507 ], [ 93.829133703345221, 27.066898471032243 ], [ 93.837774287807932, 27.085585526629266 ], [ 93.82514574128551, 27.116639016077261 ], [ 93.797562337039182, 27.136425310238817 ], [ 93.805205930986958, 27.137249739162215 ], [ 93.805870591330248, 27.148791744089792 ], [ 93.991310827106787, 27.328517249390583 ], [ 94.059770842465156, 27.361769215967641 ], [ 94.089680557912985, 27.40711280675454 ], [ 94.159469893957919, 27.46179992533995 ], [ 94.156478922413129, 27.474990788114319 ], [ 94.219621655025207, 27.504945038997786 ], [ 94.232250201547629, 27.509067183614775 ], [ 94.241223116181985, 27.513189328231768 ], [ 94.245875738584971, 27.513464137872901 ], [ 94.265815548883523, 27.520059569260084 ] ] ] } },
{ "type": "Feature", "properties": { "dt_code": "311", "district": "Sivasagar", "st_code": "18", "year": "2011_c", "st_nm": "Assam", "flood_events": 123.0, "fatalities": 2047.0, "injured": 69.0, "displaced": 0.0, "earthquake_events": 0.0, "max_earthquake_magnitude": 0.0, "avg_earthquake_magnitude": 0.0, "population": 1151050.0, "risk_score": 0.35311004784688993, "risk_level": "LOW" }, "geometry": { "type": "Polygon", "coordinates": [ [ [ 94.592828437779801, 27.145768838037331 ], [ 94.593160767951446, 27.145768838037331 ], [ 94.593160767951446, 27.145494028396197 ], [ 94.593493098123076, 27.146318457319595 ], [ 94.642013303182893, 27.246623976333034 ], [ 94.678237291891932, 27.243326260639442 ], [ 94.694853800474064, 27.271906463317244 ], [ 94.720775553862183, 27.245524737768505 ], [ 94.717784582317393, 27.263112554800998 ], [ 94.7373920624443, 27.274654559728571 ], [ 94.750020608966722, 27.268059128341388 ], [ 94.741380024504011, 27.247173595615301 ], [ 94.769960419265274, 27.237830067816788 ], [ 94.765972457205564, 27.220242250784295 ], [ 94.780927314929485, 27.199631527699342 ], [ 94.768298768407064, 27.184791807078174 ], [ 94.778601003727985, 27.171051325021541 ], [ 94.753343910683142, 27.14054745485581 ], [ 94.760655174459288, 27.129829878851631 ], [ 94.817483633810156, 27.114440538948202 ], [ 94.808510719175814, 27.096577912274576 ], [ 94.832106161362432, 27.091356529093051 ], [ 94.833103151877367, 27.092455767657583 ], [ 94.835429463078853, 27.092180958016449 ], [ 94.836758783765433, 27.091906148375319 ], [ 94.824794897586301, 27.057005323951465 ], [ 94.829779850160932, 27.016333497063822 ], [ 94.805852077802669, 26.997646441466799 ], [ 94.809507709690735, 26.991600629361876 ], [ 94.787241588190682, 26.996822012543401 ], [ 94.733736430556235, 26.932516556518344 ], [ 94.756667212399577, 26.922623409437566 ], [ 94.848058009601274, 26.929218840824753 ], [ 94.909871421526788, 26.969615858071261 ], [ 94.900566176720801, 26.983631149769028 ], [ 94.926487930108919, 26.993249487208672 ], [ 94.939116476631327, 26.987203675103753 ], [ 94.941775118004472, 26.95944790134935 ], [ 94.924161618907419, 26.94845551570404 ], [ 94.905883459467077, 26.937463130058735 ], [ 94.889266950884945, 26.928944031183619 ], [ 94.882620347452104, 26.92317302871983 ], [ 94.871321121616248, 26.913279881639056 ], [ 94.866003838869972, 26.90888292738093 ], [ 94.85005199063113, 26.874806531880473 ], [ 94.817483633810156, 26.847875187049468 ], [ 94.817483633810156, 26.847600377408337 ], [ 94.81449266226538, 26.8195697940128 ], [ 94.795217512310103, 26.814348410831279 ], [ 94.794885182138472, 26.814073601190145 ], [ 94.802528776086248, 26.80143235769804 ], [ 94.788570908877261, 26.797310213081051 ], [ 94.790897220078762, 26.797035403439917 ], [ 94.769960419265274, 26.789065923847069 ], [ 94.758328863257788, 26.765981913991922 ], [ 94.740050703817445, 26.77614987071383 ], [ 94.73639507192938, 26.749493335523958 ], [ 94.73705973227267, 26.762409388657197 ], [ 94.692195159100919, 26.731905518491462 ], [ 94.620079511854485, 26.712394033971041 ], [ 94.609444946361918, 26.737126901672987 ], [ 94.609112616190288, 26.736852092031853 ], [ 94.608115625675353, 26.736852092031853 ], [ 94.596816399839511, 26.73465361490279 ], [ 94.594822418809656, 26.729981851003537 ], [ 94.5858495041753, 26.725035277463146 ], [ 94.5835231929738, 26.727233754592209 ], [ 94.572556297309603, 26.752241431935285 ], [ 94.556272118899116, 26.756363576552275 ], [ 94.549625515466261, 26.74866890660056 ], [ 94.512072206070656, 26.771752916455707 ], [ 94.524368422421432, 26.788791114205935 ], [ 94.515395507787076, 26.794836926310854 ], [ 94.526030073279642, 26.799783499851245 ], [ 94.50376395177959, 26.826165225399983 ], [ 94.485818122510892, 26.83083698929924 ], [ 94.496452688003458, 26.866837052287625 ], [ 94.492797056115393, 26.882226392191058 ], [ 94.474186566503406, 26.892394348912969 ], [ 94.482162490622827, 26.905310402046204 ], [ 94.473854236331761, 26.935264652929671 ], [ 94.418022767495813, 26.94323413252252 ], [ 94.405726551145037, 26.933066175800612 ], [ 94.397418296853985, 26.951203612115368 ], [ 94.39708596668234, 26.950928802474238 ], [ 94.39542431582413, 26.954776137450093 ], [ 94.39542431582413, 26.954776137450093 ], [ 94.39542431582413, 26.955050947091227 ], [ 94.460228699294419, 26.995447964337735 ], [ 94.475515887189971, 27.030898408043857 ], [ 94.501769970749734, 27.039967126201237 ], [ 94.544308232719985, 27.07679161811302 ], [ 94.592828437779801, 27.145768838037331 ] ] ] } },
{ "type": "Feature", "properties": { "dt_code": "312", "district": "Jorhat", "st_code": "18", "year": "2011_c", "st_nm": "Assam", "flood_events": 131.0, "fatalities": 2601.0, "injured": 65.0, "displaced": 0.0, "earthquake_events": 1.0, "max_earthquake_magnitude": 2.3, "avg_earthquake_magnitude": 2.3, "population": 1092256.0, "risk_score": 0.51698564593301433, "risk_level": "MEDIUM" }, "geometry": { "type": "Polygon", "coordinates": [ [ [ 94.39708596668234, 26.950928802474238 ], [ 94.397418296853985, 26.951203612115368 ], [ 94.405726551145037, 26.933066175800612 ], [ 94.418022767495813, 26.94323413252252 ], [ 94.473854236331761, 26.935264652929671 ], [ 94.482162490622827, 26.905310402046204 ], [ 94.474186566503406, 26.892394348912969 ], [ 94.492797056115393, 26.882226392191058 ], [ 94.496452688003458, 26.866837052287625 ], [ 94.485818122510892, 26.83083698929924 ], [ 94.50376395177959, 26.826165225399983 ], [ 94.526030073279642, 26.799783499851245 ], [ 94.515395507787076, 26.794836926310854 ], [ 94.524368422421432, 26.788791114205935 ], [ 94.512072206070656, 26.771752916455707 ], [ 94.549625515466261, 26.74866890660056 ], [ 94.556272118899116, 26.756363576552275 ], [ 94.572556297309603, 26.752241431935285 ], [ 94.5835231929738, 26.727233754592209 ], [ 94.5858495041753, 26.725035277463146 ], [ 94.59116678692159, 26.720913132846157 ], [ 94.594822418809656, 26.718165036434829 ], [ 94.601469022242497, 26.712943653253305 ], [ 94.602798342929077, 26.711569605047643 ], [ 94.595487079152932, 26.71431770145897 ], [ 94.593493098123076, 26.715142130382368 ], [ 94.593825428294721, 26.697279503708742 ], [ 94.577208919712604, 26.700852029043467 ], [ 94.566906684391682, 26.683539021652106 ], [ 94.559263090443906, 26.686561927704567 ], [ 94.562254061988682, 26.70524898330159 ], [ 94.520712790533366, 26.699203171196672 ], [ 94.517389488816946, 26.682164973446444 ], [ 94.508084244010945, 26.685462689140035 ], [ 94.492464725943748, 26.665951204619613 ], [ 94.460228699294419, 26.661829060002621 ], [ 94.452917435518287, 26.652760341845244 ], [ 94.465545982040695, 26.633248857324819 ], [ 94.451255784660077, 26.63627176337728 ], [ 94.402735579600261, 26.610714466751936 ], [ 94.413370145092827, 26.577187690533748 ], [ 94.400741598570406, 26.534317386517042 ], [ 94.376149165868853, 26.521950952666071 ], [ 94.372161203809142, 26.506011993480374 ], [ 94.347568771107603, 26.504637945274709 ], [ 94.352886053853879, 26.490347843935808 ], [ 94.352886053853879, 26.490073034294678 ], [ 94.352553723682234, 26.490073034294678 ], [ 94.325302649607551, 26.48210355470183 ], [ 94.316329734973195, 26.458469925564415 ], [ 94.31367109360005, 26.460668402693475 ], [ 94.289743321241787, 26.479905077572766 ], [ 94.284093708323866, 26.560699112065784 ], [ 94.282432057465655, 26.559599873501252 ], [ 94.243549427383485, 26.51892804661361 ], [ 94.236570493778984, 26.506286803121505 ], [ 94.183065336144537, 26.455447019511954 ], [ 94.171766110308681, 26.429889722886614 ], [ 94.171101449965406, 26.37190488860761 ], [ 94.171101449965406, 26.36283617045023 ], [ 94.163457856017629, 26.351019355881522 ], [ 94.161131544816129, 26.347721640187931 ], [ 94.137536102629511, 26.348820878752463 ], [ 94.121584254390669, 26.385095751381979 ], [ 94.115269981129458, 26.420821004729234 ], [ 94.114937650957813, 26.424668339705089 ], [ 94.126901537136945, 26.450500445971567 ], [ 94.103638425121972, 26.462866879822538 ], [ 94.097324151860761, 26.484302031830889 ], [ 94.116266971644379, 26.544760152880087 ], [ 94.105632406151827, 26.549706726420474 ], [ 94.114605320786168, 26.554928109601995 ], [ 94.106961726838392, 26.569767830223164 ], [ 94.097324151860761, 26.568118972376368 ], [ 94.099650463062261, 26.57663807125148 ], [ 94.078049001905484, 26.574439594122421 ], [ 94.082369294136839, 26.584882360485462 ], [ 94.068743757099497, 26.594225888283976 ], [ 94.085027935509984, 26.607141941417211 ], [ 94.077384341562208, 26.614561801727795 ], [ 94.097988812204036, 26.641767956199935 ], [ 94.082369294136839, 26.66155425036149 ], [ 94.056779870920366, 26.662928298567152 ], [ 94.053788899375576, 26.679142067393983 ], [ 94.043486664054669, 26.681065734881912 ], [ 94.048803946800945, 26.687935975910229 ], [ 94.035843070106893, 26.709645937559714 ], [ 94.044151324397944, 26.713218462894439 ], [ 94.0461453054278, 26.738500949878649 ], [ 94.004604033972484, 26.744271952342437 ], [ 93.997625100367998, 26.766256723633052 ], [ 93.972368007323155, 26.768180391120982 ], [ 93.972368007323155, 26.779172776766291 ], [ 93.987655195218721, 26.786592637076875 ], [ 93.97336499783809, 26.796210974516519 ], [ 93.980011601270931, 26.810775885496554 ], [ 94.00825966586055, 26.834134704992834 ], [ 94.00825966586055, 26.834409514633965 ], [ 93.999619081397853, 26.866562242646495 ], [ 93.999619081397853, 26.866837052287625 ], [ 94.128563187995155, 26.892394348912969 ], [ 94.192702911122169, 26.912180643074525 ], [ 94.2093194197043, 26.926470744413425 ], [ 94.253519332532761, 26.908333308098666 ], [ 94.304698178965708, 26.909432546663197 ], [ 94.312009442741839, 26.878379057215199 ], [ 94.32131468754784, 26.880302724703128 ], [ 94.367176251234511, 26.913005071997922 ], [ 94.372825864152432, 26.917951645538309 ], [ 94.379804797756918, 26.927569982977957 ], [ 94.39708596668234, 26.950928802474238 ] ] ] } },
{ "type": "Feature", "properties": { "dt_code": "306", "district": "Sonitpur", "st_code": "18", "year": "2011_c", "st_nm": "Assam", "flood_events": 156.0, "fatalities": 2178.0, "injured": 75.0, "displaced": 0.0, "earthquake_events": 3.0, "max_earthquake_magnitude": 2.7, "avg_earthquake_magnitude": 2.6, "population": 1924110.0, "risk_score": 0.72739234449760759, "risk_level": "HIGH" }, "geometry": { "type": "Polygon", "coordinates": [ [ [ 93.061783337022575, 26.922073790155302 ], [ 93.061118676679285, 26.87233324511028 ], [ 93.043172847410588, 26.850898093101929 ], [ 93.064109648224075, 26.822317890424127 ], [ 93.057795374962865, 26.803081215544836 ], [ 93.074411883544997, 26.768180391120982 ], [ 93.068097610283786, 26.746745239112631 ], [ 93.087372760239049, 26.712394033971041 ], [ 93.084049458522628, 26.701676457966865 ], [ 93.103656938649536, 26.695355836220813 ], [ 93.123264418776444, 26.659630582873561 ], [ 93.144201219589931, 26.594500697925106 ], [ 93.145198210104851, 26.591752601513779 ], [ 93.126920050664509, 26.586256408691128 ], [ 93.099004316246535, 26.577737309816012 ], [ 93.09667800504505, 26.576912880892614 ], [ 93.095681014530115, 26.577737309816012 ], [ 93.071088581828562, 26.597798413618701 ], [ 93.013927792306049, 26.597523603977567 ], [ 92.992990991492562, 26.613737372804398 ], [ 92.951117389865601, 26.620332804191584 ], [ 92.916887382186417, 26.59477550756624 ], [ 92.842113093566851, 26.584332741203198 ], [ 92.79458987902197, 26.557126586731059 ], [ 92.771326767006983, 26.555752538525397 ], [ 92.74906064550693, 26.511782995944159 ], [ 92.748395985163654, 26.510958567020761 ], [ 92.728788505036746, 26.517828808049082 ], [ 92.721477241260601, 26.536241054004972 ], [ 92.688576554267996, 26.509859328456233 ], [ 92.662987131051523, 26.522225762307205 ], [ 92.575916626081167, 26.499691371734322 ], [ 92.522743798618365, 26.507935660968304 ], [ 92.467576990125693, 26.496118846399597 ], [ 92.443316887595785, 26.517553998407948 ], [ 92.419056785065891, 26.517004379125684 ], [ 92.419056785065891, 26.514531092355487 ], [ 92.368874929147864, 26.509859328456233 ], [ 92.359569684341864, 26.50546237419811 ], [ 92.351593760222443, 26.508210470609434 ], [ 92.347273467991101, 26.50766085132717 ], [ 92.340626864558246, 26.502439468145649 ], [ 92.331986280095535, 26.515080711637754 ], [ 92.33165394992389, 26.515080711637754 ], [ 92.331986280095535, 26.515355521278885 ], [ 92.354252401595588, 26.53486700579931 ], [ 92.380506485155351, 26.527721955129859 ], [ 92.360899005028443, 26.558775444577854 ], [ 92.366216287774719, 26.566195304888438 ], [ 92.352258420565732, 26.570042639864297 ], [ 92.359902014513509, 26.583233502638667 ], [ 92.360899005028443, 26.582958692997533 ], [ 92.362228325715009, 26.585157170126596 ], [ 92.360566674856798, 26.594500697925106 ], [ 92.353587741252298, 26.603294606441356 ], [ 92.358572693826943, 26.605493083570416 ], [ 92.375853862752351, 26.613737372804398 ], [ 92.375853862752351, 26.629401522348964 ], [ 92.395461342879258, 26.626928235578767 ], [ 92.399116974767338, 26.63847024050634 ], [ 92.395129012707628, 26.642317575482199 ], [ 92.363225316229943, 26.643142004405597 ], [ 92.364222306744864, 26.69810393263214 ], [ 92.344614826617956, 26.692882549450619 ], [ 92.352923080909022, 26.6868367373457 ], [ 92.348935118849312, 26.664027537131684 ], [ 92.331321619752259, 26.662653488926018 ], [ 92.33231861026718, 26.694531407297415 ], [ 92.346276477476167, 26.704974173660457 ], [ 92.331986280095535, 26.722012371410685 ], [ 92.341956185244811, 26.729157422080135 ], [ 92.331986280095535, 26.725035277463146 ], [ 92.337303562841811, 26.733004757055994 ], [ 92.323678025804469, 26.739050569160916 ], [ 92.324342686147759, 26.739325378802047 ], [ 92.334312591297035, 26.742073475213374 ], [ 92.327998318035824, 26.756913195834542 ], [ 92.33630657232689, 26.765707104350788 ], [ 92.328662978379114, 26.771752916455707 ], [ 92.340294534386601, 26.771203297173443 ], [ 92.328662978379114, 26.81050107585542 ], [ 92.327998318035824, 26.812699552984483 ], [ 92.32999229906568, 26.820394222936198 ], [ 92.336638902498535, 26.845676709920408 ], [ 92.346608807647812, 26.883325630755589 ], [ 92.356246382625443, 26.920699741949637 ], [ 92.357575703312008, 26.925921125131161 ], [ 92.360234344685153, 26.925646315490027 ], [ 92.398119984252403, 26.92482188656663 ], [ 92.41207785146139, 26.942959322881386 ], [ 92.425703388498732, 26.94103565539346 ], [ 92.447304849655495, 26.958898282067086 ], [ 92.562955749387115, 26.957799043502554 ], [ 92.569934682991601, 26.95944790134935 ], [ 92.59818274758122, 26.966043332736536 ], [ 92.600841388954365, 26.966867761659934 ], [ 92.64470897161118, 26.986654055821489 ], [ 92.656672857790312, 27.008364017470974 ], [ 92.660660819850023, 27.012760971729097 ], [ 92.672292375857509, 27.031722836967255 ], [ 92.676612668088865, 27.030623598402723 ], [ 92.722806561947181, 27.018257164551752 ], [ 92.778305700611483, 27.022928928451009 ], [ 92.781629002327904, 27.022104499527607 ], [ 92.811206387604088, 27.016058687422689 ], [ 92.886645336566957, 26.999844918595858 ], [ 92.918216702872996, 26.982531911204497 ], [ 92.917219712358062, 26.963020426684075 ], [ 93.021571386253825, 26.913554691280186 ], [ 93.061783337022575, 26.922073790155302 ], [ 93.061783337022575, 26.922073790155302 ] ] ] } },
{ "type": "Feature", "properties": { "dt_code": "313", "district": "Golaghat", "st_code": "18", "year": "2011_c", "st_nm": "Assam", "flood_events": 127.0, "fatalities": 1826.0, "injured": 67.0, "displaced": 0.0, "earthquake_events": 0.0, "max_earthquake_magnitude": 0.0, "avg_earthquake_magnitude": 0.0, "population": 1066888.0, "risk_score": 0.36459330143540664, "risk_level": "LOW" }, "geometry": { "type": "Polygon", "coordinates": [ [ [ 93.769978932792853, 26.84485228099701 ], [ 93.797894667210826, 26.823417128988659 ], [ 93.823816420598945, 26.825065986835455 ], [ 93.835115646434787, 26.850898093101929 ], [ 93.835447976606432, 26.851172902743063 ], [ 93.891279445442379, 26.864913384799696 ], [ 93.891944105785655, 26.892394348912969 ], [ 93.891944105785655, 26.892669158554099 ], [ 93.916868868658852, 26.908333308098666 ], [ 93.917865859173787, 26.910806594868859 ], [ 93.920524500546918, 26.926745554054559 ], [ 93.925177122949918, 26.927844792619087 ], [ 93.93248838672605, 26.929218840824753 ], [ 93.93780566947234, 26.930318079389284 ], [ 93.962398102173879, 26.926745554054559 ], [ 93.963062762517168, 26.924272267284362 ], [ 93.967383054748524, 26.906959259893004 ], [ 93.956748489255958, 26.892119539271835 ], [ 93.97336499783809, 26.873432483674812 ], [ 93.998289760711273, 26.871783625828016 ], [ 93.999619081397853, 26.866837052287625 ], [ 93.999619081397853, 26.866562242646495 ], [ 94.00825966586055, 26.834409514633965 ], [ 94.00825966586055, 26.834134704992834 ], [ 93.980011601270931, 26.810775885496554 ], [ 93.97336499783809, 26.796210974516519 ], [ 93.987655195218721, 26.786592637076875 ], [ 93.972368007323155, 26.779172776766291 ], [ 93.972368007323155, 26.768180391120982 ], [ 93.997625100367998, 26.766256723633052 ], [ 94.004604033972484, 26.744271952342437 ], [ 94.0461453054278, 26.738500949878649 ], [ 94.044151324397944, 26.713218462894439 ], [ 94.035843070106893, 26.709645937559714 ], [ 94.048803946800945, 26.687935975910229 ], [ 94.043486664054669, 26.681065734881912 ], [ 94.053788899375576, 26.679142067393983 ], [ 94.056779870920366, 26.662928298567152 ], [ 94.082369294136839, 26.66155425036149 ], [ 94.097988812204036, 26.641767956199935 ], [ 94.077384341562208, 26.614561801727795 ], [ 94.085027935509984, 26.607141941417211 ], [ 94.068743757099497, 26.594225888283976 ], [ 94.082369294136839, 26.584882360485462 ], [ 94.078049001905484, 26.574439594122421 ], [ 94.099650463062261, 26.57663807125148 ], [ 94.097324151860761, 26.568118972376368 ], [ 94.106961726838392, 26.569767830223164 ], [ 94.114605320786168, 26.554928109601995 ], [ 94.105632406151827, 26.549706726420474 ], [ 94.116266971644379, 26.544760152880087 ], [ 94.097324151860761, 26.484302031830889 ], [ 94.103638425121972, 26.462866879822538 ], [ 94.126901537136945, 26.450500445971567 ], [ 94.114937650957813, 26.424668339705089 ], [ 94.115269981129458, 26.420821004729234 ], [ 94.121584254390669, 26.385095751381979 ], [ 94.137536102629511, 26.348820878752463 ], [ 94.161131544816129, 26.347721640187931 ], [ 94.163457856017629, 26.351019355881522 ], [ 94.168110478420616, 26.346897211264533 ], [ 94.177748053398261, 26.346072782341135 ], [ 94.171766110308681, 26.343324685929808 ], [ 94.160466884472839, 26.338103302748287 ], [ 94.144847366405642, 26.330683442437703 ], [ 94.115934641472734, 26.329859013514305 ], [ 94.121584254390669, 26.317767389304464 ], [ 94.104967745808537, 26.319965866433527 ], [ 94.08403094499505, 26.283416184162878 ], [ 94.074725700189063, 26.283690993804008 ], [ 94.074393370017418, 26.26445431892472 ], [ 94.047474626114379, 26.249339788662418 ], [ 94.031855108047182, 26.19767557612947 ], [ 94.000948402084418, 26.17239308914526 ], [ 93.994301798651563, 26.148484650366715 ], [ 94.001945392599339, 26.134469358668944 ], [ 93.988984515905287, 26.130896833334219 ], [ 93.997625100367998, 26.12897316584629 ], [ 93.986658204703787, 26.114133445225125 ], [ 93.997957430539628, 26.109736490967002 ], [ 93.981340921957511, 26.081431097930331 ], [ 93.987322865047076, 26.0668661869503 ], [ 93.962398102173879, 26.036637126425699 ], [ 93.952760527196247, 26.00311035020751 ], [ 93.954089847882813, 25.969308764348185 ], [ 93.968712375435089, 25.957491949779477 ], [ 93.978682280584366, 25.916820122891838 ], [ 93.93780566947234, 25.896484209448015 ], [ 93.933817707412629, 25.885217014161576 ], [ 93.915871878143932, 25.88384296595591 ], [ 93.881641870464748, 25.843445948709402 ], [ 93.839768268837787, 25.856636811483774 ], [ 93.795236025837681, 25.809094743567812 ], [ 93.777290196568984, 25.850041380096588 ], [ 93.795236025837681, 25.905552927605395 ], [ 93.774299225024194, 25.965736239013459 ], [ 93.775628545710774, 25.968484335424787 ], [ 93.775628545710774, 25.968759145065921 ], [ 93.776625536225694, 25.968759145065921 ], [ 93.780613498285405, 25.981400388558026 ], [ 93.804208940472023, 25.98002634035236 ], [ 93.803544280128747, 25.980850769275758 ], [ 93.798226997382457, 25.988270629586342 ], [ 93.794903695666036, 25.992667583844465 ], [ 93.800885638755602, 26.002011111642979 ], [ 93.781278158628695, 26.007782114106764 ], [ 93.799556318069037, 26.031415743244178 ], [ 93.779948837942129, 26.03966003247816 ], [ 93.794903695666036, 26.04158369996609 ], [ 93.786927771546615, 26.054224943458195 ], [ 93.797230006867537, 26.052301275970265 ], [ 93.794571365494392, 26.061369994127645 ], [ 93.805205930986958, 26.064667709821236 ], [ 93.796565346524247, 26.071263141208423 ], [ 93.805870591330248, 26.071263141208423 ], [ 93.804873600815313, 26.093522722140172 ], [ 93.814178845621299, 26.090774625728844 ], [ 93.806535251673523, 26.102591440297552 ], [ 93.828136712830286, 26.127599117640628 ], [ 93.81816680768101, 26.136942645439142 ], [ 93.831127684375076, 26.136942645439142 ], [ 93.821490109397445, 26.17239308914526 ], [ 93.835115646434787, 26.175965614479985 ], [ 93.829133703345221, 26.196301527923808 ], [ 93.838106617979562, 26.194377860435878 ], [ 93.840432929181063, 26.217736679932159 ], [ 93.851399824845274, 26.215538202803096 ], [ 93.864693031710971, 26.235324496964651 ], [ 93.847744192957208, 26.24137030906957 ], [ 93.864693031710971, 26.245767263327693 ], [ 93.870674974800536, 26.27544670457003 ], [ 93.880977210121458, 26.2735230370821 ], [ 93.868680993770681, 26.294408569808184 ], [ 93.884965172181168, 26.302652859042166 ], [ 93.882306530808023, 26.304301716888961 ], [ 93.873665946345326, 26.309797909711616 ], [ 93.884965172181168, 26.310622338635014 ], [ 93.885297502352813, 26.318591818227866 ], [ 93.893938086815524, 26.315568912175404 ], [ 93.881641870464748, 26.344973543776604 ], [ 93.881974200636392, 26.345523163058871 ], [ 93.888953134240879, 26.346072782341135 ], [ 93.885962162696103, 26.354317071575117 ], [ 93.894270416987155, 26.37190488860761 ], [ 93.880977210121458, 26.372454507889877 ], [ 93.883968181666233, 26.391965992410299 ], [ 93.865690022225905, 26.388943086357838 ], [ 93.826807392143721, 26.417798098676773 ], [ 93.793906705151116, 26.375752223583468 ], [ 93.774963885367484, 26.383996512817451 ], [ 93.799223987897392, 26.408729380519393 ], [ 93.781942818971984, 26.416424050471111 ], [ 93.793906705151116, 26.428515674680948 ], [ 93.782939809486905, 26.43868363140286 ], [ 93.794571365494392, 26.440057679608522 ], [ 93.751368443180866, 26.518378427331346 ], [ 93.756021065583866, 26.529096003335521 ], [ 93.731760963053958, 26.537889911851767 ], [ 93.742063198374865, 26.561523540989182 ], [ 93.752365433695786, 26.584882360485462 ], [ 93.752033103524155, 26.584882360485462 ], [ 93.752033103524155, 26.585157170126596 ], [ 93.722455718247957, 26.598073223259831 ], [ 93.70816552086734, 26.604119035364754 ], [ 93.701186587262839, 26.607416751058345 ], [ 93.647016769285102, 26.598348032900965 ], [ 93.633058902076115, 26.596149555771902 ], [ 93.632061911561195, 26.595874746130772 ], [ 93.63172958138955, 26.595325126848508 ], [ 93.616774723665628, 26.565920495247305 ], [ 93.610792780576062, 26.577462500174878 ], [ 93.589855979762589, 26.570592259146562 ], [ 93.586200347874524, 26.603569416082486 ], [ 93.553299660881905, 26.612638134239866 ], [ 93.523722275605721, 26.593676269001708 ], [ 93.509432078225089, 26.593401459360578 ], [ 93.495474211016102, 26.61098927639307 ], [ 93.47786071191905, 26.603019796800222 ], [ 93.469884787799629, 26.591477791872649 ], [ 93.491486248956392, 26.587080837614526 ], [ 93.463570514538418, 26.569218210940896 ], [ 93.455262260247352, 26.571966307352227 ], [ 93.464567505053338, 26.585981599049994 ], [ 93.456923911105562, 26.576088451969216 ], [ 93.408736036217391, 26.569218210940896 ], [ 93.397436810381549, 26.571416688069959 ], [ 93.402754093127825, 26.580210596586205 ], [ 93.325985823478405, 26.584882360485462 ], [ 93.297405428717141, 26.574714403763551 ], [ 93.301725720948497, 26.580210596586205 ], [ 93.302058051120142, 26.580485406227339 ], [ 93.291423485627575, 26.590653362949251 ], [ 93.296408438202221, 26.611813705316468 ], [ 93.28710319339622, 26.637096192300678 ], [ 93.28710319339622, 26.637371001941812 ], [ 93.304716692493272, 26.636821382659544 ], [ 93.317677569187339, 26.650561864716181 ], [ 93.306710673523128, 26.667600062466409 ], [ 93.315018927814194, 26.686561927704567 ], [ 93.305713683008207, 26.698378742273274 ], [ 93.304052032149997, 26.700302409761203 ], [ 93.330970776053036, 26.708821508636316 ], [ 93.351242916523233, 26.734928424543924 ], [ 93.352572237209799, 26.736302472749585 ], [ 93.356560199269509, 26.737676520955251 ], [ 93.384808263859128, 26.746745239112631 ], [ 93.396439819866615, 26.75059257408849 ], [ 93.504114795478813, 26.756913195834542 ], [ 93.537680142814708, 26.75059257408849 ], [ 93.574901122038668, 26.719264274999361 ], [ 93.651004731344813, 26.706073412224988 ], [ 93.67061221147172, 26.712119224329911 ], [ 93.649343080486602, 26.757462815116806 ], [ 93.648678420143312, 26.787966685282537 ], [ 93.670279881300075, 26.800882738415776 ], [ 93.689222701083708, 26.797585022722181 ], [ 93.712485813098681, 26.815997268678075 ], [ 93.751036113009221, 26.803630834827104 ], [ 93.769978932792853, 26.84485228099701 ] ] ] } },
{ "type": "Feature", "properties": { "dt_code": "326", "district": "Udalguri", "st_code": "18", "year": "2011_c", "st_nm": "Assam", "flood_events": 67.0, "fatalities": 1324.0, "injured": 53.0, "displaced": 3.0, "earthquake_events": 3.0, "max_earthquake_magnitude": 4.0, "avg_earthquake_magnitude": 3.1, "population": 831668.0, "risk_score": 0.51620813397129184, "risk_level": "MEDIUM" }, "geometry": { "type": "Polygon", "coordinates": [ [ [ 92.360234344685153, 26.925646315490027 ], [ 92.357575703312008, 26.925921125131161 ], [ 92.356246382625443, 26.920699741949637 ], [ 92.346608807647812, 26.883325630755589 ], [ 92.336638902498535, 26.845676709920408 ], [ 92.32999229906568, 26.820394222936198 ], [ 92.327998318035824, 26.812699552984483 ], [ 92.328662978379114, 26.81050107585542 ], [ 92.340294534386601, 26.771203297173443 ], [ 92.328662978379114, 26.771752916455707 ], [ 92.33630657232689, 26.765707104350788 ], [ 92.327998318035824, 26.756913195834542 ], [ 92.334312591297035, 26.742073475213374 ], [ 92.324342686147759, 26.739325378802047 ], [ 92.323678025804469, 26.739050569160916 ], [ 92.337303562841811, 26.733004757055994 ], [ 92.331986280095535, 26.725035277463146 ], [ 92.341956185244811, 26.729157422080135 ], [ 92.331986280095535, 26.722012371410685 ], [ 92.346276477476167, 26.704974173660457 ], [ 92.33231861026718, 26.694531407297415 ], [ 92.331321619752259, 26.662653488926018 ], [ 92.348935118849312, 26.664027537131684 ], [ 92.352923080909022, 26.6868367373457 ], [ 92.344614826617956, 26.692882549450619 ], [ 92.364222306744864, 26.69810393263214 ], [ 92.363225316229943, 26.643142004405597 ], [ 92.395129012707628, 26.642317575482199 ], [ 92.399116974767338, 26.63847024050634 ], [ 92.395461342879258, 26.626928235578767 ], [ 92.375853862752351, 26.629401522348964 ], [ 92.375853862752351, 26.613737372804398 ], [ 92.358572693826943, 26.605493083570416 ], [ 92.353587741252298, 26.603294606441356 ], [ 92.360566674856798, 26.594500697925106 ], [ 92.362228325715009, 26.585157170126596 ], [ 92.360899005028443, 26.582958692997533 ], [ 92.359902014513509, 26.583233502638667 ], [ 92.327333657692549, 26.587355647255656 ], [ 92.327001327520904, 26.589279314743585 ], [ 92.325339676662679, 26.596699175054169 ], [ 92.344282496446311, 26.597798413618701 ], [ 92.33165394992389, 26.606317512493813 ], [ 92.334977251640325, 26.62198166203838 ], [ 92.312046469796982, 26.607141941417211 ], [ 92.314372780998482, 26.624180139167439 ], [ 92.294100640528285, 26.62198166203838 ], [ 92.289780348296929, 26.650836674357315 ], [ 92.275822481087943, 26.657432105744498 ], [ 92.273163839714812, 26.616210659574591 ], [ 92.242257133752048, 26.603294606441356 ], [ 92.252559369072969, 26.573889974840153 ], [ 92.264855585423746, 26.570592259146562 ], [ 92.230625577744561, 26.548882297497077 ], [ 92.226969945856496, 26.593951078642842 ], [ 92.234613539804272, 26.596973984695303 ], [ 92.22032334242364, 26.628302283784432 ], [ 92.193736928692232, 26.634897715171615 ], [ 92.205036154528088, 26.640668717635403 ], [ 92.202045182983298, 26.651386293639579 ], [ 92.184431683886245, 26.644790862252393 ], [ 92.176788089938469, 26.651386293639579 ], [ 92.18077605199818, 26.668699301030941 ], [ 92.118630309901022, 26.652485532204111 ], [ 92.121621281445798, 26.643691623687864 ], [ 92.072768746214351, 26.646989339381456 ], [ 92.070442435012851, 26.624454948808573 ], [ 92.037209417848601, 26.620332804191584 ], [ 92.038538738535166, 26.609065608905141 ], [ 92.0255778618411, 26.609340418546275 ], [ 92.03322145578889, 26.592577030437177 ], [ 92.009626013602258, 26.589828934025853 ], [ 92.005970381714192, 26.559599873501252 ], [ 92.02856883338589, 26.545859391444615 ], [ 92.056816897975509, 26.546958630009147 ], [ 92.062466510893429, 26.587355647255656 ], [ 92.079415349647206, 26.589279314743585 ], [ 92.086726613423338, 26.575813642328082 ], [ 92.100684480632324, 26.579386167662808 ], [ 92.108660404751745, 26.570317449505428 ], [ 92.106998753893535, 26.552180013190672 ], [ 92.068448453982995, 26.545034962521218 ], [ 92.068448453982995, 26.510134138097364 ], [ 92.056816897975509, 26.509034899532836 ], [ 92.050502624714298, 26.475508123314643 ], [ 92.038538738535166, 26.485676080036555 ], [ 92.040865049736666, 26.509859328456233 ], [ 92.025245531669469, 26.508760089891702 ], [ 92.034550776475456, 26.524424239436264 ], [ 92.019263588579904, 26.521950952666071 ], [ 92.028236503214245, 26.54228686610989 ], [ 92.003644070512692, 26.543386104674422 ], [ 92.013281645490338, 26.536515863646105 ], [ 92.004973391199272, 26.534592196158176 ], [ 91.990350863646995, 26.554928109601995 ], [ 91.970078723176798, 26.556027348166527 ], [ 91.958779497340956, 26.551630393908404 ], [ 91.965093770602167, 26.539813579339697 ], [ 91.927872791378192, 26.537340292569503 ], [ 91.921890848288626, 26.5675693530941 ], [ 91.896633755243798, 26.56949302058203 ], [ 91.884337538893021, 26.538439531134035 ], [ 91.870047341512389, 26.531844099746849 ], [ 91.854095493273547, 26.538439531134035 ], [ 91.849775201042192, 26.573065545916755 ], [ 91.83781131486306, 26.574439594122421 ], [ 91.83747898469143, 26.580760215868473 ], [ 91.83382335280335, 26.583233502638667 ], [ 91.820862476109298, 26.571966307352227 ], [ 91.831497041601864, 26.571141878428826 ], [ 91.829835390743639, 26.55822582529559 ], [ 91.812886551989877, 26.559325063860122 ], [ 91.809895580445087, 26.54393572395669 ], [ 91.827509079542153, 26.545034962521218 ], [ 91.833158692460074, 26.515355521278885 ], [ 91.817206844221232, 26.50546237419811 ], [ 91.777991883967402, 26.512607424867561 ], [ 91.777991883967402, 26.512607424867561 ], [ 91.785303147743548, 26.51892804661361 ], [ 91.775665572765917, 26.522775381589469 ], [ 91.784306157228613, 26.527447145488726 ], [ 91.775665572765917, 26.528821193694391 ], [ 91.785303147743548, 26.535691434722708 ], [ 91.780318195168903, 26.549431916779341 ], [ 91.780318195168903, 26.549431916779341 ], [ 91.766692658131561, 26.573340355557889 ], [ 91.749743819377798, 26.581035025509603 ], [ 91.76270469607185, 26.593676269001708 ], [ 91.750408479721074, 26.586806027973392 ], [ 91.743429546116587, 26.593126649719444 ], [ 91.751737800407653, 26.604943464288151 ], [ 91.737779933198667, 26.604943464288151 ], [ 91.746420517661363, 26.626928235578767 ], [ 91.733127310795666, 26.630225951272362 ], [ 91.750408479721074, 26.63627176337728 ], [ 91.739109253885232, 26.63819543086521 ], [ 91.748746828862863, 26.646714529740322 ], [ 91.734456631482232, 26.660455011796959 ], [ 91.745423527146443, 26.687935975910229 ], [ 91.704214585862758, 26.812699552984483 ], [ 91.72083109444489, 26.811875124061082 ], [ 91.824185777825718, 26.863814146235168 ], [ 91.859412776019838, 26.913279881639056 ], [ 91.892978123355732, 26.918776074461711 ], [ 91.964429110258877, 26.882226392191058 ], [ 91.983704260214139, 26.857768334130245 ], [ 92.056152237632219, 26.84677594848494 ], [ 92.102346131490535, 26.867386671569893 ], [ 92.113645357326376, 26.892943968195233 ], [ 92.194733919207167, 26.890195871783906 ], [ 92.255218010446114, 26.909707356304331 ], [ 92.276154811259588, 26.902012686352613 ], [ 92.302741224990996, 26.907234069534134 ], [ 92.302741224990996, 26.922623409437566 ], [ 92.364886967088154, 26.93196693723608 ], [ 92.360234344685153, 26.925646315490027 ] ] ] } },
{ "type": "Feature", "properties": { "dt_code": "320", "district": "Chirang", "st_code": "18", "year": "2011_c", "st_nm": "Assam", "flood_events": 90.0, "fatalities": 1518.0, "injured": 49.0, "displaced": 1.0, "earthquake_events": 0.0, "max_earthquake_magnitude": 0.0, "avg_earthquake_magnitude": 0.0, "population": 482162.0, "risk_score": 0.25837320574162681, "risk_level": "LOW" }, "geometry": { "type": "Polygon", "coordinates": [ [ [ 90.875383137786244, 26.563172398835977 ], [ 90.867074883495178, 26.562897589194847 ], [ 90.857437308517547, 26.56729454345297 ], [ 90.823207300838362, 26.560973921706918 ], [ 90.831847885301073, 26.539263960057433 ], [ 90.853781676629481, 26.529096003335521 ], [ 90.853449346457836, 26.529096003335521 ], [ 90.847799733539915, 26.52799676477099 ], [ 90.787647972472612, 26.517553998407948 ], [ 90.786983312129323, 26.527721955129859 ], [ 90.774687095778546, 26.530470051541187 ], [ 90.757405926853139, 26.51480590199662 ], [ 90.777345737151691, 26.504912754915843 ], [ 90.766378841487494, 26.485676080036555 ], [ 90.731151843293375, 26.482927983625224 ], [ 90.731151843293375, 26.471935597979918 ], [ 90.744777380330717, 26.465614976233866 ], [ 90.735804465696376, 26.441981347096451 ], [ 90.710215042479902, 26.451599684536095 ], [ 90.717193976084388, 26.479355458290499 ], [ 90.685622609778349, 26.481828745060696 ], [ 90.682299308061928, 26.499141752452054 ], [ 90.620818226308046, 26.493645559629403 ], [ 90.623476867681191, 26.50766085132717 ], [ 90.601210746181138, 26.516454759843416 ], [ 90.588914529830362, 26.511508186303029 ], [ 90.601875406524428, 26.49144708250034 ], [ 90.589911520345296, 26.489798224653544 ], [ 90.519789854128717, 26.509309709173966 ], [ 90.498188392971954, 26.459569164128943 ], [ 90.509819948979441, 26.448851588124768 ], [ 90.50417033606152, 26.426317197551889 ], [ 90.480907224046547, 26.4205461950881 ], [ 90.476586931815191, 26.385645370664246 ], [ 90.456314791344994, 26.432637819297938 ], [ 90.477251592158467, 26.462592070181405 ], [ 90.46329372494948, 26.464790547310468 ], [ 90.459970423233059, 26.452973732741761 ], [ 90.437371971561362, 26.460943212334609 ], [ 90.429063717270296, 26.448851588124768 ], [ 90.399154001822467, 26.441706537455318 ], [ 90.405135944912033, 26.47523331367351 ], [ 90.386193125128415, 26.485126460754287 ], [ 90.393504388904546, 26.493920369270533 ], [ 90.409123906971743, 26.489798224653544 ], [ 90.407794586285178, 26.503263897069047 ], [ 90.393172058732901, 26.503263897069047 ], [ 90.403474294053822, 26.511782995944159 ], [ 90.382205163068704, 26.528821193694391 ], [ 90.38885176650156, 26.54201205646876 ], [ 90.371238267404493, 26.544485343238954 ], [ 90.35495408899402, 26.570042639864297 ], [ 90.366253314829862, 26.582134264074135 ], [ 90.353957098479086, 26.609890037828539 ], [ 90.357280400195506, 26.63132518983689 ], [ 90.346978164874599, 26.641493146558801 ], [ 90.377220210494059, 26.717615417152562 ], [ 90.345316514016375, 26.805829311956163 ], [ 90.336011269210388, 26.862714907670636 ], [ 90.355618749337296, 26.900913447788081 ], [ 90.417764491434454, 26.904485973122807 ], [ 90.546376267860126, 26.816821697601473 ], [ 90.634111433173757, 26.794012497387456 ], [ 90.646407649524534, 26.776699489996098 ], [ 90.675652704629073, 26.784394159947812 ], [ 90.717193976084388, 26.768455200762116 ], [ 90.956804029838665, 26.787966685282537 ], [ 90.950822086749099, 26.77807353820176 ], [ 90.943843153144613, 26.775600251431566 ], [ 90.898978579972862, 26.68876040483363 ], [ 90.900640230831073, 26.599172461824363 ], [ 90.895655278256442, 26.595599936489638 ], [ 90.870730515383244, 26.578286929098276 ], [ 90.869401194696678, 26.577462500174878 ], [ 90.875383137786244, 26.563172398835977 ] ] ] } },
{ "type": "Feature", "properties": { "dt_code": "324", "district": "Baksa", "st_code": "18", "year": "2011_c", "st_nm": "Assam", "flood_events": 134.0, "fatalities": 1346.0, "injured": 49.0, "displaced": 4.0, "earthquake_events": 0.0, "max_earthquake_magnitude": 0.0, "avg_earthquake_magnitude": 0.0, "population": 950075.0, "risk_score": 0.38468899521531102, "risk_level": "LOW" }, "geometry": { "type": "Polygon", "coordinates": [ [ [ 91.704214585862758, 26.812699552984483 ], [ 91.745423527146443, 26.687935975910229 ], [ 91.734456631482232, 26.660455011796959 ], [ 91.748746828862863, 26.646714529740322 ], [ 91.739109253885232, 26.63819543086521 ], [ 91.750408479721074, 26.63627176337728 ], [ 91.733127310795666, 26.630225951272362 ], [ 91.746420517661363, 26.626928235578767 ], [ 91.737779933198667, 26.604943464288151 ], [ 91.751737800407653, 26.604943464288151 ], [ 91.743429546116587, 26.593126649719444 ], [ 91.750408479721074, 26.586806027973392 ], [ 91.76270469607185, 26.593676269001708 ], [ 91.749743819377798, 26.581035025509603 ], [ 91.766692658131561, 26.573340355557889 ], [ 91.780318195168903, 26.549431916779341 ], [ 91.780318195168903, 26.549431916779341 ], [ 91.785303147743548, 26.535691434722708 ], [ 91.775665572765917, 26.528821193694391 ], [ 91.784306157228613, 26.527447145488726 ], [ 91.775665572765917, 26.522775381589469 ], [ 91.785303147743548, 26.51892804661361 ], [ 91.777991883967402, 26.512607424867561 ], [ 91.777991883967402, 26.512607424867561 ], [ 91.780650525340548, 26.508210470609434 ], [ 91.787297128773403, 26.498042513887526 ], [ 91.781315185683837, 26.49639365604073 ], [ 91.781315185683837, 26.496118846399597 ], [ 91.801587326154035, 26.489798224653544 ], [ 91.801587326154035, 26.48952341501241 ], [ 91.79992567529581, 26.477156981161439 ], [ 91.779321204653982, 26.479080648649369 ], [ 91.779321204653982, 26.479630267931633 ], [ 91.779985864997258, 26.481828745060696 ], [ 91.752402460750929, 26.481553935419562 ], [ 91.754396441780784, 26.494469988552801 ], [ 91.7248190565046, 26.502989087427913 ], [ 91.7201664341016, 26.476882171520305 ], [ 91.709864198780679, 26.478805839008235 ], [ 91.676631181616429, 26.448301968842504 ], [ 91.625120005011837, 26.447202730277972 ], [ 91.629107967071548, 26.464790547310468 ], [ 91.618141071407337, 26.468637882286323 ], [ 91.626449325698403, 26.470836359415387 ], [ 91.628110976556613, 26.480729506496164 ], [ 91.620467382608837, 26.479630267931633 ], [ 91.628443306728258, 26.493370749988269 ], [ 91.616147090377481, 26.485676080036555 ], [ 91.619470392093916, 26.512882234508691 ], [ 91.589560676646087, 26.514531092355487 ], [ 91.586569705101297, 26.527172335847592 ], [ 91.586237374929652, 26.528271574412123 ], [ 91.582581743041587, 26.52799676477099 ], [ 91.578261450810231, 26.528821193694391 ], [ 91.577929120638601, 26.529096003335521 ], [ 91.57394115857889, 26.555477728884263 ], [ 91.584908054243087, 26.555752538525397 ], [ 91.577596790466956, 26.571966307352227 ], [ 91.52841192506385, 26.558775444577854 ], [ 91.506478133735442, 26.532393719029116 ], [ 91.49451424755631, 26.533767767234778 ], [ 91.49119094583989, 26.561248731348048 ], [ 91.475903757944337, 26.570867068787695 ], [ 91.467595503653271, 26.562622779553713 ], [ 91.434362486489007, 26.563447208477111 ], [ 91.429045203742731, 26.549431916779341 ], [ 91.459951909705495, 26.542561675751024 ], [ 91.352609264264942, 26.523874620154 ], [ 91.355267905638087, 26.510683757379631 ], [ 91.3413100384291, 26.499691371734322 ], [ 91.328016831563403, 26.495294417476199 ], [ 91.302095078175284, 26.486775318601083 ], [ 91.296777795428994, 26.484851651113154 ], [ 91.297774785943929, 26.487599747524481 ], [ 91.302427408346915, 26.499966181375456 ], [ 91.30109808766035, 26.500240991016586 ], [ 91.284149248906587, 26.502714277786779 ], [ 91.289466531652863, 26.515355521278885 ], [ 91.311400322981271, 26.517004379125684 ], [ 91.296777795428994, 26.546134201085749 ], [ 91.26620341963789, 26.53486700579931 ], [ 91.26387710843639, 26.521676143024937 ], [ 91.249586911055758, 26.523325000871736 ], [ 91.247925260197547, 26.523325000871736 ], [ 91.243937298137837, 26.523874620154 ], [ 91.247925260197547, 26.538439531134035 ], [ 91.290131191996153, 26.564271637400509 ], [ 91.258559825690099, 26.570592259146562 ], [ 91.269194391182666, 26.584332741203198 ], [ 91.237623024876626, 26.577187690533748 ], [ 91.233302732645271, 26.607416751058345 ], [ 91.247592930025903, 26.607691560699479 ], [ 91.248589920540823, 26.619508375268182 ], [ 91.197743404279521, 26.623080900602908 ], [ 91.198408064622797, 26.60384422572362 ], [ 91.18445019741381, 26.604393845005884 ], [ 91.18445019741381, 26.604943464288151 ], [ 91.18677650861531, 26.62198166203838 ], [ 91.176474273294389, 26.622806090961777 ], [ 91.186444178443665, 26.627752664502164 ], [ 91.15121718024956, 26.639019859788608 ], [ 91.157531453510771, 26.651386293639579 ], [ 91.145567567331639, 26.662653488926018 ], [ 91.139585624242073, 26.650561864716181 ], [ 91.127621738062942, 26.650012245433917 ], [ 91.127289407891297, 26.658806153950163 ], [ 91.097379692443468, 26.665401585337349 ], [ 91.095385711413613, 26.652210722562977 ], [ 91.11266688033902, 26.651386293639579 ], [ 91.11266688033902, 26.637645811582942 ], [ 91.095053381241968, 26.639294669429738 ], [ 91.097712022615113, 26.628851903066696 ], [ 91.1163225122271, 26.632149618760288 ], [ 91.122969115659942, 26.611813705316468 ], [ 91.140582614756994, 26.611538895675334 ], [ 91.141911935443574, 26.604393845005884 ], [ 91.141911935443574, 26.603294606441356 ], [ 91.142244265615219, 26.600821319671159 ], [ 91.138920963898784, 26.601645748594557 ], [ 91.126292417376376, 26.604668654647018 ], [ 91.11333154068231, 26.584057931562064 ], [ 91.121639794973376, 26.582683883356403 ], [ 91.118316493256955, 26.572790736275621 ], [ 91.104690956219599, 26.5675693530941 ], [ 91.110008238965889, 26.561248731348048 ], [ 91.080763183861336, 26.556302157807661 ], [ 91.071790269226994, 26.516179950202286 ], [ 91.059161722704573, 26.516179950202286 ], [ 91.052182789100087, 26.529370812976655 ], [ 90.991034037517849, 26.523874620154 ], [ 90.99668365043577, 26.470011930491989 ], [ 91.013964819361192, 26.44582868207231 ], [ 91.014297149532837, 26.44582868207231 ], [ 91.009976857301481, 26.435111106068135 ], [ 90.997015980607415, 26.435385915709269 ], [ 91.003662584040271, 26.421920243293762 ], [ 90.981728792711863, 26.416424050471111 ], [ 90.982393453055153, 26.430988961451142 ], [ 90.969764906532731, 26.428790484322082 ], [ 90.975414519450652, 26.440332489249656 ], [ 90.962121312584955, 26.443905014584381 ], [ 90.96112432207002, 26.444454633866645 ], [ 90.962121312584955, 26.457920306282148 ], [ 90.973088208249152, 26.461218021975743 ], [ 90.952151407435679, 26.45709587735875 ], [ 90.945504804002823, 26.461767641258007 ], [ 90.953148397950599, 26.47111116905652 ], [ 90.932876257480402, 26.477706600443703 ], [ 90.977076170308862, 26.499691371734322 ], [ 90.976743840137217, 26.539813579339697 ], [ 90.985384424599928, 26.575538832686952 ], [ 90.996018990092495, 26.571416688069959 ], [ 90.99502199957756, 26.600821319671159 ], [ 90.989040056487994, 26.590653362949251 ], [ 90.96345063327152, 26.598622842542099 ], [ 90.96345063327152, 26.583233502638667 ], [ 90.934870238510257, 26.584057931562064 ], [ 90.931879266965481, 26.554928109601995 ], [ 90.921244701472915, 26.559599873501252 ], [ 90.925897323875915, 26.575538832686952 ], [ 90.909280815293783, 26.573889974840153 ], [ 90.891334986025086, 26.552180013190672 ], [ 90.877709448987744, 26.557401396372192 ], [ 90.877377118816099, 26.55822582529559 ], [ 90.875383137786244, 26.563172398835977 ], [ 90.869401194696678, 26.577462500174878 ], [ 90.870730515383244, 26.578286929098276 ], [ 90.895655278256442, 26.595599936489638 ], [ 90.900640230831073, 26.599172461824363 ], [ 90.898978579972862, 26.68876040483363 ], [ 90.943843153144613, 26.775600251431566 ], [ 90.950822086749099, 26.77807353820176 ], [ 90.991698697861139, 26.790714781693865 ], [ 91.054176770129942, 26.780821634613087 ], [ 91.097712022615113, 26.822043080782993 ], [ 91.146232227674929, 26.811050695137684 ], [ 91.236626034361691, 26.811875124061082 ], [ 91.337322076369389, 26.780546824971953 ], [ 91.37620470645156, 26.795386545593121 ], [ 91.408108402929258, 26.839905707456619 ], [ 91.4951789078996, 26.791264400976129 ], [ 91.592883978362508, 26.805279692673899 ], [ 91.625784665355127, 26.820943842218462 ], [ 91.690256718653771, 26.806928550520695 ], [ 91.704214585862758, 26.812699552984483 ] ] ] } },
{ "type": "Feature", "properties": { "dt_code": "305", "district": "Nagaon", "st_code": "18", "year": "2011_c", "st_nm": "Assam", "flood_events": 173.0, "fatalities": 2123.0, "injured": 66.0, "displaced": 3.0, "earthquake_events": 1.0, "max_earthquake_magnitude": 2.6, "avg_earthquake_magnitude": 2.6, "population": 2823768.0, "risk_score": 0.64778708133971286, "risk_level": "MEDIUM" }, "geometry": { "type": "Polygon", "coordinates": [ [ [ 92.419056785065891, 26.514531092355487 ], [ 92.419056785065891, 26.517004379125684 ], [ 92.443316887595785, 26.517553998407948 ], [ 92.467576990125693, 26.496118846399597 ], [ 92.522743798618365, 26.507935660968304 ], [ 92.575916626081167, 26.499691371734322 ], [ 92.662987131051523, 26.522225762307205 ], [ 92.688576554267996, 26.509859328456233 ], [ 92.721477241260601, 26.536241054004972 ], [ 92.728788505036746, 26.517828808049082 ], [ 92.748395985163654, 26.510958567020761 ], [ 92.74906064550693, 26.511782995944159 ], [ 92.771326767006983, 26.555752538525397 ], [ 92.79458987902197, 26.557126586731059 ], [ 92.842113093566851, 26.584332741203198 ], [ 92.916887382186417, 26.59477550756624 ], [ 92.951117389865601, 26.620332804191584 ], [ 92.992990991492562, 26.613737372804398 ], [ 93.013927792306049, 26.597523603977567 ], [ 93.071088581828562, 26.597798413618701 ], [ 93.095681014530115, 26.577737309816012 ], [ 93.09667800504505, 26.576912880892614 ], [ 93.099004316246535, 26.577737309816012 ], [ 93.126920050664509, 26.586256408691128 ], [ 93.145198210104851, 26.591752601513779 ], [ 93.144201219589931, 26.594500697925106 ], [ 93.152841804052628, 26.598622842542099 ], [ 93.219972498724431, 26.631050380195759 ], [ 93.241573959881194, 26.683813831293239 ], [ 93.297073098545496, 26.694806216938549 ], [ 93.305713683008207, 26.698378742273274 ], [ 93.315018927814194, 26.686561927704567 ], [ 93.306710673523128, 26.667600062466409 ], [ 93.317677569187339, 26.650561864716181 ], [ 93.304716692493272, 26.636821382659544 ], [ 93.28710319339622, 26.637371001941812 ], [ 93.28710319339622, 26.637096192300678 ], [ 93.296408438202221, 26.611813705316468 ], [ 93.291423485627575, 26.590653362949251 ], [ 93.302058051120142, 26.580485406227339 ], [ 93.301725720948497, 26.580210596586205 ], [ 93.297405428717141, 26.574714403763551 ], [ 93.281453580478299, 26.568943401299766 ], [ 93.25087920468718, 26.569767830223164 ], [ 93.25087920468718, 26.569767830223164 ], [ 93.247888233142405, 26.566744924170703 ], [ 93.235924346963273, 26.553554061396333 ], [ 93.235259686619983, 26.552729632472936 ], [ 93.256528817605101, 26.55108077462614 ], [ 93.247223572799115, 26.545034962521218 ], [ 93.262843090866312, 26.537889911851767 ], [ 93.256528817605101, 26.531844099746849 ], [ 93.273477656358878, 26.545034962521218 ], [ 93.275471637388733, 26.533767767234778 ], [ 93.263840081381247, 26.527447145488726 ], [ 93.28776785373951, 26.520576904460409 ], [ 93.290758825284286, 26.50766085132717 ], [ 93.286770863224575, 26.513981473073223 ], [ 93.284112221851444, 26.519752475537011 ], [ 93.283779891679799, 26.519477665895877 ], [ 93.263507751209602, 26.508760089891702 ], [ 93.263507751209602, 26.521126523742673 ], [ 93.233265705590128, 26.535691434722708 ], [ 93.21299356511993, 26.529645622617785 ], [ 93.217313857351286, 26.507386041686036 ], [ 93.204352980657234, 26.501340229581118 ], [ 93.20967026340351, 26.51480590199662 ], [ 93.199368028082588, 26.533492957593644 ], [ 93.160817728172049, 26.523874620154 ], [ 93.20967026340351, 26.556027348166527 ], [ 93.191392103963167, 26.567019733811836 ], [ 93.150847823022772, 26.546409010726883 ], [ 93.141542578216786, 26.555477728884263 ], [ 93.114956164485378, 26.531019670823451 ], [ 93.111965192940602, 26.532668528670246 ], [ 93.101330627448036, 26.542836485392158 ], [ 93.091693052470404, 26.543111295033292 ], [ 93.084049458522628, 26.543660914315556 ], [ 93.05978935599272, 26.544760152880087 ], [ 93.043505177582233, 26.53514181544044 ], [ 93.043172847410588, 26.53514181544044 ], [ 93.043172847410588, 26.53514181544044 ], [ 93.048157799985233, 26.52579828764193 ], [ 93.012930801791114, 26.507386041686036 ], [ 93.012598471619484, 26.506836422403772 ], [ 93.008610509559773, 26.481004316137298 ], [ 93.090363731783839, 26.499966181375456 ], [ 93.06444197839572, 26.479355458290499 ], [ 93.10232761796297, 26.460118783411211 ], [ 93.108309561052536, 26.466989024439528 ], [ 93.09833965590326, 26.47303483654445 ], [ 93.124593739463023, 26.482927983625224 ], [ 93.125258399806299, 26.495844036758463 ], [ 93.132901993754075, 26.48952341501241 ], [ 93.127252380836154, 26.4801798872139 ], [ 93.13622529547051, 26.484302031830889 ], [ 93.110303542082391, 26.47111116905652 ], [ 93.128249371351089, 26.46396611838707 ], [ 93.103989268821181, 26.448851588124768 ], [ 93.117614805858523, 26.441706537455318 ], [ 93.09933664641818, 26.439233250685124 ], [ 93.09933664641818, 26.44582868207231 ], [ 93.068762270627062, 26.435385915709269 ], [ 93.091693052470404, 26.433462248221339 ], [ 93.061118676679285, 26.415874431188843 ], [ 93.049487120671799, 26.416149240829977 ], [ 93.056133724104654, 26.428240865039815 ], [ 93.043505177582233, 26.437309583197194 ], [ 93.019245075052325, 26.4205461950881 ], [ 92.978700794111944, 26.4205461950881 ], [ 92.949788069179036, 26.397462185232953 ], [ 92.938156513171549, 26.403782806979006 ], [ 92.920543014074497, 26.391691182769165 ], [ 92.901932524462509, 26.401309520208809 ], [ 92.885648346052022, 26.383996512817451 ], [ 92.881992714163957, 26.379874368200458 ], [ 92.896282911544589, 26.385920180305376 ], [ 92.898276892574444, 26.38619498994651 ], [ 92.889968638283378, 26.374103365736673 ], [ 92.895618251201299, 26.37904993927706 ], [ 92.903261845149075, 26.385370561023112 ], [ 92.925860296820773, 26.37904993927706 ], [ 92.909243788238641, 26.352943023369452 ], [ 92.909576118410286, 26.352943023369452 ], [ 92.939485833858114, 26.352943023369452 ], [ 92.942809135574549, 26.330408632796569 ], [ 92.898609222746089, 26.308973480788218 ], [ 92.892294949484878, 26.288362757703265 ], [ 92.879666402962457, 26.283690993804008 ], [ 92.844107074596707, 26.305126145812359 ], [ 92.841448433223562, 26.283690993804008 ], [ 92.813865028977233, 26.262530651436791 ], [ 92.815194349663798, 26.232851210194458 ], [ 92.82715823584293, 26.225156540242743 ], [ 92.815194349663798, 26.2138893449563 ], [ 92.793592888507035, 26.219385537778955 ], [ 92.801236482454811, 26.201797720746463 ], [ 92.801901142798101, 26.201797720746463 ], [ 92.801901142798101, 26.201797720746463 ], [ 92.776311719581628, 26.199599243617399 ], [ 92.778305700611483, 26.186958000125294 ], [ 92.75603957911143, 26.179263330173576 ], [ 92.761689192029351, 26.157003749241827 ], [ 92.751719286880075, 26.142164028620662 ], [ 92.75138695670843, 26.141889218979529 ], [ 92.722474231775536, 26.150957937136909 ], [ 92.705857723193404, 26.142164028620662 ], [ 92.703863742163549, 26.125125830870434 ], [ 92.732111806753167, 26.115232683789657 ], [ 92.723138892118811, 26.100942582450756 ], [ 92.741084721387509, 26.100942582450756 ], [ 92.729785495551667, 26.089400577523183 ], [ 92.739090740357653, 26.085828052188454 ], [ 92.732444136924812, 26.071263141208423 ], [ 92.750722296365154, 26.075385285825412 ], [ 92.751054626536785, 26.075385285825412 ], [ 92.75271627739501, 26.072087570131821 ], [ 92.757368899797996, 26.063018851974441 ], [ 92.758033560141286, 26.061644803768775 ], [ 92.75670423945472, 26.061644803768775 ], [ 92.753380937738285, 26.054774562740459 ], [ 92.744408023103944, 26.060545565204247 ], [ 92.743078702417364, 26.061369994127645 ], [ 92.737761419671088, 26.05999594592198 ], [ 92.71416597748447, 26.053675324175927 ], [ 92.71416597748447, 26.053400514534797 ], [ 92.713833647312825, 26.053125704893663 ], [ 92.713168986969535, 26.017950070828675 ], [ 92.666975093111233, 26.028392837191717 ], [ 92.654346546588812, 26.019598928675471 ], [ 92.655675867275377, 26.000087444155049 ], [ 92.596188766551364, 25.978102672864431 ], [ 92.588877502775233, 25.964087381166664 ], [ 92.551988853722904, 25.966011048654593 ], [ 92.546006910633338, 25.971507241477248 ], [ 92.566279051103535, 26.010805020159225 ], [ 92.593862455349864, 26.0215225961634 ], [ 92.592200804491654, 26.022621834727932 ], [ 92.579572257969232, 26.033339410732108 ], [ 92.595856436379719, 26.080606669006933 ], [ 92.574587305394601, 26.094896770345834 ], [ 92.570931673506536, 26.11550749343079 ], [ 92.570599343334891, 26.116606731995319 ], [ 92.547668561491548, 26.1105609198904 ], [ 92.536369335655706, 26.096545628192633 ], [ 92.519752827073575, 26.102316630656418 ], [ 92.529058071879575, 26.150957937136909 ], [ 92.52241146844672, 26.155080081753901 ], [ 92.522079138275075, 26.155080081753901 ], [ 92.508785931409378, 26.141339599697265 ], [ 92.486519809909325, 26.149309079290113 ], [ 92.478876215961549, 26.12897316584629 ], [ 92.453951453088351, 26.11550749343079 ], [ 92.441322906565929, 26.095446389628101 ], [ 92.413407172147956, 26.11550749343079 ], [ 92.413074841976325, 26.11550749343079 ], [ 92.397122993737483, 26.113858635583991 ], [ 92.395461342879258, 26.113583825942861 ], [ 92.408422219573325, 26.125675450152698 ], [ 92.398784644595693, 26.137492264721406 ], [ 92.417062804036036, 26.15233198534257 ], [ 92.431020671245022, 26.190805335101153 ], [ 92.425371058327087, 26.23202678127106 ], [ 92.407757559230035, 26.244118405480897 ], [ 92.419389115237522, 26.270225321388505 ], [ 92.504133309006377, 26.272973417799832 ], [ 92.552653514066193, 26.308423861505954 ], [ 92.568273032133391, 26.337828493107153 ], [ 92.566943711446825, 26.372179698248743 ], [ 92.551324193379614, 26.382072845329521 ], [ 92.506459620207877, 26.37190488860761 ], [ 92.502803988319812, 26.382072845329521 ], [ 92.485855149566035, 26.363385789732497 ], [ 92.469903301327193, 26.374378175377803 ], [ 92.440658246222654, 26.370256030760814 ], [ 92.434011642789798, 26.412851525136382 ], [ 92.424374067812167, 26.413675954059784 ], [ 92.441987566909219, 26.436210344632663 ], [ 92.440990576394299, 26.451874494177229 ], [ 92.419721445409166, 26.478805839008235 ], [ 92.419056785065891, 26.514531092355487 ] ] ] } },
{ "type": "Feature", "properties": { "dt_code": "300", "district": "Kokrajhar", "st_code": "18", "year": "2011_c", "st_nm": "Assam", "flood_events": 69.0, "fatalities": 1738.0, "injured": 49.0, "displaced": 1.0, "earthquake_events": 0.0, "max_earthquake_magnitude": 0.0, "avg_earthquake_magnitude": 0.0, "population": 887142.0, "risk_score": 0.19808612440191387, "risk_level": "LOW" }, "geometry": { "type": "Polygon", "coordinates": [ [ [ 90.336011269210388, 26.862714907670636 ], [ 90.345316514016375, 26.805829311956163 ], [ 90.377220210494059, 26.717615417152562 ], [ 90.346978164874599, 26.641493146558801 ], [ 90.357280400195506, 26.63132518983689 ], [ 90.353957098479086, 26.609890037828539 ], [ 90.366253314829862, 26.582134264074135 ], [ 90.35495408899402, 26.570042639864297 ], [ 90.371238267404493, 26.544485343238954 ], [ 90.38885176650156, 26.54201205646876 ], [ 90.382205163068704, 26.528821193694391 ], [ 90.403474294053822, 26.511782995944159 ], [ 90.393172058732901, 26.503263897069047 ], [ 90.407794586285178, 26.503263897069047 ], [ 90.409123906971743, 26.489798224653544 ], [ 90.393504388904546, 26.493920369270533 ], [ 90.386193125128415, 26.485126460754287 ], [ 90.405135944912033, 26.47523331367351 ], [ 90.399154001822467, 26.441706537455318 ], [ 90.399154001822467, 26.441156918173053 ], [ 90.402477303538902, 26.433462248221339 ], [ 90.415438180232954, 26.430714151810012 ], [ 90.403474294053822, 26.406805713031464 ], [ 90.417099831091164, 26.407630141954861 ], [ 90.416435170747889, 26.390591944204633 ], [ 90.425740415553875, 26.396088137027288 ], [ 90.428066726755375, 26.385920180305376 ], [ 90.427402066412085, 26.385370561023112 ], [ 90.424743425038955, 26.383172083894053 ], [ 90.42374643452402, 26.382072845329521 ], [ 90.432719349158376, 26.380973606764989 ], [ 90.431057698300151, 26.37712627178913 ], [ 90.433716339673296, 26.376576652506866 ], [ 90.426405075897165, 26.367507934349486 ], [ 90.437371971561362, 26.364759837938159 ], [ 90.425075755210585, 26.363110980091363 ], [ 90.424743425038955, 26.363385789732497 ], [ 90.397492350964257, 26.359538454756638 ], [ 90.395830700106046, 26.357065167986445 ], [ 90.404803614740402, 26.320790295356925 ], [ 90.403141963882177, 26.319965866433527 ], [ 90.379214191523914, 26.309248290429352 ], [ 90.381208172553769, 26.268576463541709 ], [ 90.355286419165651, 26.258133697178668 ], [ 90.353624768307441, 26.269950511747375 ], [ 90.362930013113441, 26.273248227440966 ], [ 90.35196311744923, 26.287263519138733 ], [ 90.343987193329809, 26.270774940670773 ], [ 90.320724081314836, 26.278744420263621 ], [ 90.303442912389414, 26.2575840778964 ], [ 90.306433883934204, 26.245767263327693 ], [ 90.287158733978927, 26.237522974093714 ], [ 90.288155724493862, 26.252087885073749 ], [ 90.251599405613177, 26.26445431892472 ], [ 90.258578339217678, 26.272973417799832 ], [ 90.27220387625502, 26.267202415336047 ], [ 90.281176790889361, 26.292210092679124 ], [ 90.264560282307244, 26.313095625405211 ], [ 90.267218923680375, 26.330683442437703 ], [ 90.216040077247428, 26.328759774949773 ], [ 90.227671633254914, 26.349370498034727 ], [ 90.214710756560862, 26.35156897516379 ], [ 90.23431823668777, 26.365584266861557 ], [ 90.227006972911639, 26.383996512817451 ], [ 90.206734832441441, 26.374927794660071 ], [ 90.207067162613086, 26.363110980091363 ], [ 90.187792012657809, 26.345523163058871 ], [ 90.148577052403994, 26.352668213728322 ], [ 90.116673355926309, 26.338927731671685 ], [ 90.118002676612875, 26.316942960381066 ], [ 90.107700441291954, 26.312546006122943 ], [ 90.124316949874085, 26.303752097606697 ], [ 90.125978600732296, 26.283141374521744 ], [ 90.140933458456217, 26.293309331243655 ], [ 90.140601128284572, 26.276271133493424 ], [ 90.11767034644123, 26.258683316460932 ], [ 90.103380149060598, 26.267752034618312 ], [ 90.097398205971032, 26.262255841795657 ], [ 90.104044809403888, 26.251263456150348 ], [ 90.120328987814375, 26.25043902722695 ], [ 90.136280836053217, 26.215538202803096 ], [ 90.147247731717414, 26.219935157061219 ], [ 90.152232684292059, 26.208942771415913 ], [ 90.063832858635138, 26.172667898786393 ], [ 90.024950228552967, 26.12677468871723 ], [ 89.982079636411072, 26.136667835798008 ], [ 89.96679244851552, 26.127049498358364 ], [ 89.938212053754256, 26.132820500822149 ], [ 89.935553412381111, 26.116881541636452 ], [ 89.915945932254203, 26.116606731995319 ], [ 89.908634668478072, 26.132545691181015 ], [ 89.882712915089954, 26.135568597233476 ], [ 89.869087378052612, 26.149309079290113 ], [ 89.868422717709322, 26.149858698572377 ], [ 89.875401651313823, 26.189156477254357 ], [ 89.860114463418256, 26.188057238689826 ], [ 89.873075340112322, 26.202072530387593 ], [ 89.860114463418256, 26.219935157061219 ], [ 89.869752038395887, 26.234225258400119 ], [ 89.858785142731691, 26.238347403017112 ], [ 89.874072330627243, 26.247416121174492 ], [ 89.866096406507822, 26.257858887537534 ], [ 89.884706896119809, 26.298530714425176 ], [ 89.879721943545164, 26.307049813300289 ], [ 89.905643696933282, 26.32628648817958 ], [ 89.902985055560151, 26.337004064183756 ], [ 89.869087378052612, 26.349645307675861 ], [ 89.875733981485453, 26.36283617045023 ], [ 89.844827275522704, 26.372729317531007 ], [ 89.844162615179414, 26.377950700712528 ], [ 89.843165624664493, 26.383172083894053 ], [ 89.85645883153019, 26.384271322458581 ], [ 89.847153586724204, 26.402958378055608 ], [ 89.846156596209269, 26.404882045543534 ], [ 89.837848341918203, 26.391416373128031 ], [ 89.827878436768927, 26.394714088821626 ], [ 89.834525040201783, 26.414500382983181 ], [ 89.835189700545072, 26.413950763700914 ], [ 89.85645883153019, 26.413126334777516 ], [ 89.84781824706748, 26.422744672217163 ], [ 89.866761066851112, 26.458469925564415 ], [ 89.85180620912719, 26.487050128242217 ], [ 89.850476888440625, 26.489798224653544 ], [ 89.849812228097335, 26.490897463218076 ], [ 89.850476888440625, 26.494195178911667 ], [ 89.862440774619756, 26.553828871037467 ], [ 89.857455822045125, 26.576088451969216 ], [ 89.874072330627243, 26.584057931562064 ], [ 89.865431746164546, 26.592027411154913 ], [ 89.869419708224257, 26.614012182445531 ], [ 89.849812228097335, 26.623080900602908 ], [ 89.866428736679467, 26.645615291175794 ], [ 89.863437765134691, 26.681340544523046 ], [ 89.85180620912719, 26.697279503708742 ], [ 89.85180620912719, 26.697279503708742 ], [ 89.865099415992901, 26.704699364019326 ], [ 89.858785142731691, 26.734928424543924 ], [ 89.96679244851552, 26.72338641961635 ], [ 90.049210331082875, 26.730531470285801 ], [ 90.127972581762151, 26.750317764447356 ], [ 90.19477094626231, 26.773676583943637 ], [ 90.187792012657809, 26.807203360161829 ], [ 90.20108521952352, 26.835508753198496 ], [ 90.230662604799704, 26.858867572694777 ], [ 90.299787280501349, 26.848424806331735 ], [ 90.336011269210388, 26.862714907670636 ] ] ] } },
{ "type": "Feature", "properties": { "dt_code": "325", "district": "Darrang", "st_code": "18", "year": "2011_c", "st_nm": "Assam", "flood_events": 151.0, "fatalities": 2275.0, "injured": 61.0, "displaced": 2.0, "earthquake_events": 0.0, "max_earthquake_magnitude": 0.0, "avg_earthquake_magnitude": 0.0, "population": 928500.0, "risk_score": 0.43349282296650715, "risk_level": "MEDIUM" }, "geometry": { "type": "Polygon", "coordinates": [ [ [ 92.359902014513509, 26.583233502638667 ], [ 92.352258420565732, 26.570042639864297 ], [ 92.366216287774719, 26.566195304888438 ], [ 92.360899005028443, 26.558775444577854 ], [ 92.380506485155351, 26.527721955129859 ], [ 92.354252401595588, 26.53486700579931 ], [ 92.331986280095535, 26.515355521278885 ], [ 92.33165394992389, 26.515080711637754 ], [ 92.331986280095535, 26.515080711637754 ], [ 92.340626864558246, 26.502439468145649 ], [ 92.341291524901521, 26.501615039222251 ], [ 92.281139763834233, 26.454347780947423 ], [ 92.244583444953548, 26.446103491713444 ], [ 92.21866169156543, 26.415599621547713 ], [ 92.217332370878864, 26.415874431188843 ], [ 92.1817730425131, 26.424393530063959 ], [ 92.157180609811562, 26.412301905854118 ], [ 92.09968749011739, 26.341126208800745 ], [ 92.084067972050192, 26.338927731671685 ], [ 92.041529710079956, 26.27544670457003 ], [ 92.040200389393377, 26.272973417799832 ], [ 92.036544757505311, 26.272698608158699 ], [ 92.0302304842441, 26.271874179235304 ], [ 92.024248541154535, 26.271049750311903 ], [ 92.015275626520193, 26.283141374521744 ], [ 91.992012514505205, 26.269675702106241 ], [ 91.980048628326074, 26.274347466005498 ], [ 91.978054647296219, 26.274897085287762 ], [ 91.880017246661666, 26.216637441367627 ], [ 91.771012950362916, 26.198500005052868 ], [ 91.748746828862863, 26.209217581057043 ], [ 91.746752847833008, 26.216637441367627 ], [ 91.747085178004653, 26.221309205266884 ], [ 91.781315185683837, 26.244118405480897 ], [ 91.783973827056968, 26.250988646509217 ], [ 91.785635477915193, 26.255660410408474 ], [ 91.790288100318179, 26.268026844259445 ], [ 91.789955770146534, 26.270225321388505 ], [ 91.781979846027113, 26.305400955453493 ], [ 91.793279071862969, 26.321339914639189 ], [ 91.795605383064469, 26.320515485715791 ], [ 91.812221891646587, 26.314469673610873 ], [ 91.815545193363022, 26.313370435046341 ], [ 91.808898589930166, 26.321339914639189 ], [ 91.808566259758521, 26.322164343562591 ], [ 91.821859466624218, 26.331782681002235 ], [ 91.822191796795863, 26.370530840401948 ], [ 91.820862476109298, 26.372179698248743 ], [ 91.817871504564508, 26.375752223583468 ], [ 91.797599364094324, 26.400485091285411 ], [ 91.789623439974903, 26.410103428725058 ], [ 91.775665572765917, 26.427141626475287 ], [ 91.768686639161416, 26.44802715920137 ], [ 91.766360327959916, 26.462317260540274 ], [ 91.771012950362916, 26.468637882286323 ], [ 91.777327223624127, 26.470011930491989 ], [ 91.779321204653982, 26.479080648649369 ], [ 91.79992567529581, 26.477156981161439 ], [ 91.801587326154035, 26.48952341501241 ], [ 91.801587326154035, 26.489798224653544 ], [ 91.781315185683837, 26.496118846399597 ], [ 91.781315185683837, 26.49639365604073 ], [ 91.787297128773403, 26.498042513887526 ], [ 91.780650525340548, 26.508210470609434 ], [ 91.777991883967402, 26.512607424867561 ], [ 91.817206844221232, 26.50546237419811 ], [ 91.833158692460074, 26.515355521278885 ], [ 91.827509079542153, 26.545034962521218 ], [ 91.809895580445087, 26.54393572395669 ], [ 91.812886551989877, 26.559325063860122 ], [ 91.829835390743639, 26.55822582529559 ], [ 91.831497041601864, 26.571141878428826 ], [ 91.820862476109298, 26.571966307352227 ], [ 91.83382335280335, 26.583233502638667 ], [ 91.83747898469143, 26.580760215868473 ], [ 91.83781131486306, 26.574439594122421 ], [ 91.849775201042192, 26.573065545916755 ], [ 91.854095493273547, 26.538439531134035 ], [ 91.870047341512389, 26.531844099746849 ], [ 91.884337538893021, 26.538439531134035 ], [ 91.896633755243798, 26.56949302058203 ], [ 91.921890848288626, 26.5675693530941 ], [ 91.927872791378192, 26.537340292569503 ], [ 91.965093770602167, 26.539813579339697 ], [ 91.958779497340956, 26.551630393908404 ], [ 91.970078723176798, 26.556027348166527 ], [ 91.990350863646995, 26.554928109601995 ], [ 92.004973391199272, 26.534592196158176 ], [ 92.013281645490338, 26.536515863646105 ], [ 92.003644070512692, 26.543386104674422 ], [ 92.028236503214245, 26.54228686610989 ], [ 92.019263588579904, 26.521950952666071 ], [ 92.034550776475456, 26.524424239436264 ], [ 92.025245531669469, 26.508760089891702 ], [ 92.040865049736666, 26.509859328456233 ], [ 92.038538738535166, 26.485676080036555 ], [ 92.050502624714298, 26.475508123314643 ], [ 92.056816897975509, 26.509034899532836 ], [ 92.068448453982995, 26.510134138097364 ], [ 92.068448453982995, 26.545034962521218 ], [ 92.106998753893535, 26.552180013190672 ], [ 92.108660404751745, 26.570317449505428 ], [ 92.100684480632324, 26.579386167662808 ], [ 92.086726613423338, 26.575813642328082 ], [ 92.079415349647206, 26.589279314743585 ], [ 92.062466510893429, 26.587355647255656 ], [ 92.056816897975509, 26.546958630009147 ], [ 92.02856883338589, 26.545859391444615 ], [ 92.005970381714192, 26.559599873501252 ], [ 92.009626013602258, 26.589828934025853 ], [ 92.03322145578889, 26.592577030437177 ], [ 92.0255778618411, 26.609340418546275 ], [ 92.038538738535166, 26.609065608905141 ], [ 92.037209417848601, 26.620332804191584 ], [ 92.070442435012851, 26.624454948808573 ], [ 92.072768746214351, 26.646989339381456 ], [ 92.121621281445798, 26.643691623687864 ], [ 92.118630309901022, 26.652485532204111 ], [ 92.18077605199818, 26.668699301030941 ], [ 92.176788089938469, 26.651386293639579 ], [ 92.184431683886245, 26.644790862252393 ], [ 92.202045182983298, 26.651386293639579 ], [ 92.205036154528088, 26.640668717635403 ], [ 92.193736928692232, 26.634897715171615 ], [ 92.22032334242364, 26.628302283784432 ], [ 92.234613539804272, 26.596973984695303 ], [ 92.226969945856496, 26.593951078642842 ], [ 92.230625577744561, 26.548882297497077 ], [ 92.264855585423746, 26.570592259146562 ], [ 92.252559369072969, 26.573889974840153 ], [ 92.242257133752048, 26.603294606441356 ], [ 92.273163839714812, 26.616210659574591 ], [ 92.275822481087943, 26.657432105744498 ], [ 92.289780348296929, 26.650836674357315 ], [ 92.294100640528285, 26.62198166203838 ], [ 92.314372780998482, 26.624180139167439 ], [ 92.312046469796982, 26.607141941417211 ], [ 92.334977251640325, 26.62198166203838 ], [ 92.33165394992389, 26.606317512493813 ], [ 92.344282496446311, 26.597798413618701 ], [ 92.325339676662679, 26.596699175054169 ], [ 92.327001327520904, 26.589279314743585 ], [ 92.327333657692549, 26.587355647255656 ], [ 92.359902014513509, 26.583233502638667 ] ] ] } },
{ "type": "Feature", "properties": { "dt_code": "303", "district": "Barpeta", "st_code": "18", "year": "2011_c", "st_nm": "Assam", "flood_events": 160.0, "fatalities": 2332.0, "injured": 67.0, "displaced": 0.0, "earthquake_events": 1.0, "max_earthquake_magnitude": 2.2, "avg_earthquake_magnitude": 2.2, "population": 1693622.0, "risk_score": 0.59683014354066977, "risk_level": "MEDIUM" }, "geometry": { "type": "Polygon", "coordinates": [ [ [ 90.847799733539915, 26.52799676477099 ], [ 90.853449346457836, 26.529096003335521 ], [ 90.853781676629481, 26.529096003335521 ], [ 90.831847885301073, 26.539263960057433 ], [ 90.823207300838362, 26.560973921706918 ], [ 90.857437308517547, 26.56729454345297 ], [ 90.867074883495178, 26.562897589194847 ], [ 90.875383137786244, 26.563172398835977 ], [ 90.877377118816099, 26.55822582529559 ], [ 90.877709448987744, 26.557401396372192 ], [ 90.891334986025086, 26.552180013190672 ], [ 90.909280815293783, 26.573889974840153 ], [ 90.925897323875915, 26.575538832686952 ], [ 90.921244701472915, 26.559599873501252 ], [ 90.931879266965481, 26.554928109601995 ], [ 90.934870238510257, 26.584057931562064 ], [ 90.96345063327152, 26.583233502638667 ], [ 90.96345063327152, 26.598622842542099 ], [ 90.989040056487994, 26.590653362949251 ], [ 90.99502199957756, 26.600821319671159 ], [ 90.996018990092495, 26.571416688069959 ], [ 90.985384424599928, 26.575538832686952 ], [ 90.976743840137217, 26.539813579339697 ], [ 90.977076170308862, 26.499691371734322 ], [ 90.932876257480402, 26.477706600443703 ], [ 90.953148397950599, 26.47111116905652 ], [ 90.945504804002823, 26.461767641258007 ], [ 90.952151407435679, 26.45709587735875 ], [ 90.973088208249152, 26.461218021975743 ], [ 90.962121312584955, 26.457920306282148 ], [ 90.96112432207002, 26.444454633866645 ], [ 90.962121312584955, 26.443905014584381 ], [ 90.975414519450652, 26.440332489249656 ], [ 90.969764906532731, 26.428790484322082 ], [ 90.982393453055153, 26.430988961451142 ], [ 90.981728792711863, 26.416424050471111 ], [ 91.003662584040271, 26.421920243293762 ], [ 90.997015980607415, 26.435385915709269 ], [ 91.009976857301481, 26.435111106068135 ], [ 91.014297149532837, 26.44582868207231 ], [ 91.013964819361192, 26.44582868207231 ], [ 90.99668365043577, 26.470011930491989 ], [ 90.991034037517849, 26.523874620154 ], [ 91.052182789100087, 26.529370812976655 ], [ 91.059161722704573, 26.516179950202286 ], [ 91.071790269226994, 26.516179950202286 ], [ 91.080763183861336, 26.556302157807661 ], [ 91.110008238965889, 26.561248731348048 ], [ 91.104690956219599, 26.5675693530941 ], [ 91.118316493256955, 26.572790736275621 ], [ 91.121639794973376, 26.582683883356403 ], [ 91.11333154068231, 26.584057931562064 ], [ 91.126292417376376, 26.604668654647018 ], [ 91.138920963898784, 26.601645748594557 ], [ 91.142244265615219, 26.600821319671159 ], [ 91.141911935443574, 26.603294606441356 ], [ 91.141911935443574, 26.604393845005884 ], [ 91.140582614756994, 26.611538895675334 ], [ 91.122969115659942, 26.611813705316468 ], [ 91.1163225122271, 26.632149618760288 ], [ 91.097712022615113, 26.628851903066696 ], [ 91.095053381241968, 26.639294669429738 ], [ 91.11266688033902, 26.637645811582942 ], [ 91.11266688033902, 26.651386293639579 ], [ 91.095385711413613, 26.652210722562977 ], [ 91.097379692443468, 26.665401585337349 ], [ 91.127289407891297, 26.658806153950163 ], [ 91.127621738062942, 26.650012245433917 ], [ 91.139585624242073, 26.650561864716181 ], [ 91.145567567331639, 26.662653488926018 ], [ 91.157531453510771, 26.651386293639579 ], [ 91.15121718024956, 26.639019859788608 ], [ 91.186444178443665, 26.627752664502164 ], [ 91.176474273294389, 26.622806090961777 ], [ 91.18677650861531, 26.62198166203838 ], [ 91.18445019741381, 26.604943464288151 ], [ 91.18445019741381, 26.604393845005884 ], [ 91.198408064622797, 26.60384422572362 ], [ 91.197743404279521, 26.623080900602908 ], [ 91.248589920540823, 26.619508375268182 ], [ 91.247592930025903, 26.607691560699479 ], [ 91.233302732645271, 26.607416751058345 ], [ 91.237623024876626, 26.577187690533748 ], [ 91.269194391182666, 26.584332741203198 ], [ 91.258559825690099, 26.570592259146562 ], [ 91.290131191996153, 26.564271637400509 ], [ 91.247925260197547, 26.538439531134035 ], [ 91.243937298137837, 26.523874620154 ], [ 91.247925260197547, 26.523325000871736 ], [ 91.249586911055758, 26.523325000871736 ], [ 91.247925260197547, 26.510683757379631 ], [ 91.265871089466245, 26.491172272859206 ], [ 91.231308751615416, 26.438408821761726 ], [ 91.241943317107982, 26.40433242626127 ], [ 91.233635062816916, 26.399660662362013 ], [ 91.241943317107982, 26.38811865743444 ], [ 91.236958364533336, 26.377950700712528 ], [ 91.237623024876626, 26.377401081430264 ], [ 91.244269628309468, 26.380973606764989 ], [ 91.247260599854258, 26.371630078966476 ], [ 91.265206429122955, 26.3609125029623 ], [ 91.26487409895131, 26.370805650043078 ], [ 91.282487598048363, 26.375202604301201 ], [ 91.270856042040876, 26.364485028297025 ], [ 91.277170315302087, 26.340851399159614 ], [ 91.26720041015281, 26.340576589518481 ], [ 91.269859051525955, 26.329034584590907 ], [ 91.255901184316969, 26.314744483252007 ], [ 91.261550797234889, 26.304301716888961 ], [ 91.250251571399048, 26.301828430118768 ], [ 91.261218467063244, 26.289461996267796 ], [ 91.22698845938406, 26.28259175523948 ], [ 91.216021563719863, 26.267202415336047 ], [ 91.240946326593047, 26.261156603231125 ], [ 91.240281666249757, 26.260606983948861 ], [ 91.220009525779574, 26.242744357275235 ], [ 91.215689233548218, 26.238897022299376 ], [ 91.215689233548218, 26.235324496964651 ], [ 91.216686224063139, 26.219385537778955 ], [ 91.234964383503481, 26.208667961774779 ], [ 91.248257590369178, 26.201248101464195 ], [ 91.248257590369178, 26.200973291823061 ], [ 91.237290694704981, 26.180362568738108 ], [ 91.223332827495994, 26.178988520532446 ], [ 91.218015544749719, 26.178438901250182 ], [ 91.212698262003428, 26.180087759096978 ], [ 91.201731366339231, 26.177064853044516 ], [ 91.116987172570376, 26.154805272112768 ], [ 91.100702994159889, 26.165248038475809 ], [ 91.092062409697192, 26.163599180629014 ], [ 91.088074447637482, 26.16304956134675 ], [ 91.081095514032981, 26.161675513141084 ], [ 91.029584337428389, 26.119080018765516 ], [ 90.99801297112235, 26.12869835620516 ], [ 91.009312196958192, 26.11550749343079 ], [ 90.99568665992085, 26.119354828406646 ], [ 90.995354329749205, 26.11962963804778 ], [ 90.948828105719244, 26.097095247474897 ], [ 90.943510822972968, 26.094621960704703 ], [ 90.935867229025192, 26.100667772809622 ], [ 90.934870238510257, 26.100942582450756 ], [ 90.92224169198785, 26.093522722140172 ], [ 90.91692440924156, 26.089675387164313 ], [ 90.915927418726639, 26.089950196805447 ], [ 90.871395175726533, 26.095721199269235 ], [ 90.859431289547402, 26.112484587378329 ], [ 90.839491479248849, 26.109186871684734 ], [ 90.781998359554692, 26.129247975487424 ], [ 90.714535334711258, 26.130072404410821 ], [ 90.693930864069415, 26.150957937136909 ], [ 90.671664742569362, 26.198225195411734 ], [ 90.670003091711152, 26.202072530387593 ], [ 90.65338658312902, 26.237248164452581 ], [ 90.672994063255928, 26.25043902722695 ], [ 90.683960958920139, 26.257858887537534 ], [ 90.697586495957481, 26.257858887537534 ], [ 90.73314582432323, 26.257858887537534 ], [ 90.731151843293375, 26.268301653900576 ], [ 90.720184947629178, 26.268576463541709 ], [ 90.720517277800823, 26.28259175523948 ], [ 90.751423983763573, 26.309523100070486 ], [ 90.802602830196534, 26.307049813300289 ], [ 90.789309623330823, 26.329309394232041 ], [ 90.817890018092086, 26.366958315067222 ], [ 90.840820799935415, 26.357614787268709 ], [ 90.859763619719047, 26.36283617045023 ], [ 90.861092940405612, 26.377401081430264 ], [ 90.844808761995125, 26.401859139491076 ], [ 90.861757600748902, 26.430988961451142 ], [ 90.855775657659336, 26.438958441043994 ], [ 90.812905065517441, 26.428240865039815 ], [ 90.796953217278599, 26.435660725350399 ], [ 90.827527593069718, 26.448851588124768 ], [ 90.818554678435376, 26.475782932955774 ], [ 90.803932150883099, 26.477981410084837 ], [ 90.80492914139802, 26.496668465681861 ], [ 90.822874970666717, 26.490622653576942 ], [ 90.827195262898073, 26.502164658504515 ], [ 90.842150120621994, 26.499691371734322 ], [ 90.850126044741415, 26.519752475537011 ], [ 90.847799733539915, 26.52799676477099 ] ] ] } },
{ "type": "Feature", "properties": { "dt_code": "323", "district": "Nalbari", "st_code": "18", "year": "2011_c", "st_nm": "Assam", "flood_events": 131.0, "fatalities": 2219.0, "injured": 49.0, "displaced": 0.0, "earthquake_events": 0.0, "max_earthquake_magnitude": 0.0, "avg_earthquake_magnitude": 0.0, "population": 771639.0, "risk_score": 0.37607655502392345, "risk_level": "LOW" }, "geometry": { "type": "Polygon", "coordinates": [ [ [ 91.249586911055758, 26.523325000871736 ], [ 91.26387710843639, 26.521676143024937 ], [ 91.26620341963789, 26.53486700579931 ], [ 91.296777795428994, 26.546134201085749 ], [ 91.311400322981271, 26.517004379125684 ], [ 91.289466531652863, 26.515355521278885 ], [ 91.284149248906587, 26.502714277786779 ], [ 91.30109808766035, 26.500240991016586 ], [ 91.302427408346915, 26.499966181375456 ], [ 91.297774785943929, 26.487599747524481 ], [ 91.296777795428994, 26.484851651113154 ], [ 91.302095078175284, 26.486775318601083 ], [ 91.328016831563403, 26.495294417476199 ], [ 91.3413100384291, 26.499691371734322 ], [ 91.355267905638087, 26.510683757379631 ], [ 91.352609264264942, 26.523874620154 ], [ 91.459951909705495, 26.542561675751024 ], [ 91.429045203742731, 26.549431916779341 ], [ 91.434362486489007, 26.563447208477111 ], [ 91.467595503653271, 26.562622779553713 ], [ 91.475903757944337, 26.570867068787695 ], [ 91.49119094583989, 26.561248731348048 ], [ 91.49451424755631, 26.533767767234778 ], [ 91.506478133735442, 26.532393719029116 ], [ 91.52841192506385, 26.558775444577854 ], [ 91.577596790466956, 26.571966307352227 ], [ 91.584908054243087, 26.555752538525397 ], [ 91.57394115857889, 26.555477728884263 ], [ 91.577929120638601, 26.529096003335521 ], [ 91.556327659481823, 26.525523478000796 ], [ 91.561977272399758, 26.483752412548625 ], [ 91.550013386220613, 26.470011930491989 ], [ 91.549681056048982, 26.469462311209725 ], [ 91.564303583601244, 26.430164532527744 ], [ 91.528744255235495, 26.392790421333697 ], [ 91.536387849183271, 26.376576652506866 ], [ 91.519439010429508, 26.354866690857381 ], [ 91.525088623347429, 26.336729254542622 ], [ 91.45496695713085, 26.320240676074661 ], [ 91.451311325242784, 26.269675702106241 ], [ 91.436688797690508, 26.260332174307727 ], [ 91.412761025332244, 26.265553557489248 ], [ 91.412761025332244, 26.265003938206984 ], [ 91.422398600309876, 26.232301590912193 ], [ 91.419739958936745, 26.205919865363452 ], [ 91.411099374474034, 26.201248101464195 ], [ 91.420404619280021, 26.174591566274323 ], [ 91.414422676190455, 26.136118216515744 ], [ 91.390494903832192, 26.139141122568201 ], [ 91.353606254779876, 26.167171705963739 ], [ 91.294783814399139, 26.157278558882961 ], [ 91.223332827495994, 26.178988520532446 ], [ 91.237290694704981, 26.180362568738108 ], [ 91.248257590369178, 26.200973291823061 ], [ 91.248257590369178, 26.201248101464195 ], [ 91.234964383503481, 26.208667961774779 ], [ 91.216686224063139, 26.219385537778955 ], [ 91.215689233548218, 26.235324496964651 ], [ 91.215689233548218, 26.238897022299376 ], [ 91.220009525779574, 26.242744357275235 ], [ 91.240281666249757, 26.260606983948861 ], [ 91.240946326593047, 26.261156603231125 ], [ 91.216021563719863, 26.267202415336047 ], [ 91.22698845938406, 26.28259175523948 ], [ 91.261218467063244, 26.289461996267796 ], [ 91.250251571399048, 26.301828430118768 ], [ 91.261550797234889, 26.304301716888961 ], [ 91.255901184316969, 26.314744483252007 ], [ 91.269859051525955, 26.329034584590907 ], [ 91.26720041015281, 26.340576589518481 ], [ 91.277170315302087, 26.340851399159614 ], [ 91.270856042040876, 26.364485028297025 ], [ 91.282487598048363, 26.375202604301201 ], [ 91.26487409895131, 26.370805650043078 ], [ 91.265206429122955, 26.3609125029623 ], [ 91.247260599854258, 26.371630078966476 ], [ 91.244269628309468, 26.380973606764989 ], [ 91.237623024876626, 26.377401081430264 ], [ 91.236958364533336, 26.377950700712528 ], [ 91.241943317107982, 26.38811865743444 ], [ 91.233635062816916, 26.399660662362013 ], [ 91.241943317107982, 26.40433242626127 ], [ 91.231308751615416, 26.438408821761726 ], [ 91.265871089466245, 26.491172272859206 ], [ 91.247925260197547, 26.510683757379631 ], [ 91.249586911055758, 26.523325000871736 ] ] ] } },
{ "type": "Feature", "properties": { "dt_code": "304", "district": "Morigaon", "st_code": "18", "year": "2011_c", "st_nm": "Assam", "flood_events": 0.0, "fatalities": 0.0, "injured": 0.0, "displaced": 0.0, "earthquake_events": 2.0, "max_earthquake_magnitude": 3.6, "avg_earthquake_magnitude": 3.0, "population": 957423.0, "risk_score": 0.24772727272727271, "risk_level": "LOW" }, "geometry": { "type": "Polygon", "coordinates": [ [ [ 92.340626864558246, 26.502439468145649 ], [ 92.347273467991101, 26.50766085132717 ], [ 92.351593760222443, 26.508210470609434 ], [ 92.359569684341864, 26.50546237419811 ], [ 92.368874929147864, 26.509859328456233 ], [ 92.419056785065891, 26.514531092355487 ], [ 92.419721445409166, 26.478805839008235 ], [ 92.440990576394299, 26.451874494177229 ], [ 92.441987566909219, 26.436210344632663 ], [ 92.424374067812167, 26.413675954059784 ], [ 92.434011642789798, 26.412851525136382 ], [ 92.440658246222654, 26.370256030760814 ], [ 92.469903301327193, 26.374378175377803 ], [ 92.485855149566035, 26.363385789732497 ], [ 92.502803988319812, 26.382072845329521 ], [ 92.506459620207877, 26.37190488860761 ], [ 92.551324193379614, 26.382072845329521 ], [ 92.566943711446825, 26.372179698248743 ], [ 92.568273032133391, 26.337828493107153 ], [ 92.552653514066193, 26.308423861505954 ], [ 92.504133309006377, 26.272973417799832 ], [ 92.419389115237522, 26.270225321388505 ], [ 92.407757559230035, 26.244118405480897 ], [ 92.425371058327087, 26.23202678127106 ], [ 92.431020671245022, 26.190805335101153 ], [ 92.417062804036036, 26.15233198534257 ], [ 92.398784644595693, 26.137492264721406 ], [ 92.408422219573325, 26.125675450152698 ], [ 92.395461342879258, 26.113583825942861 ], [ 92.362892986058299, 26.077583762954475 ], [ 92.359569684341864, 26.091599054652242 ], [ 92.32999229906568, 26.076759334031077 ], [ 92.323345695632838, 26.086377671470721 ], [ 92.29609462155814, 26.082530336494862 ], [ 92.29376831035664, 26.082255526853729 ], [ 92.291109668983509, 26.080057049724669 ], [ 92.273496169886442, 26.065766948385768 ], [ 92.262861604393891, 26.065766948385768 ], [ 92.215338389849009, 26.066316567668032 ], [ 92.184431683886245, 26.068515044797095 ], [ 92.176123429595179, 26.073461618337483 ], [ 92.172800127878759, 26.075660095466546 ], [ 92.175126439080259, 26.077308953313342 ], [ 92.163494883072758, 26.121828115176839 ], [ 92.167150514960838, 26.163873990270147 ], [ 92.154854298610061, 26.170744231298464 ], [ 92.149869346035416, 26.16140070349995 ], [ 92.129597205565219, 26.180637378379242 ], [ 92.10666642372189, 26.172118279504126 ], [ 92.080080009990482, 26.17733966268565 ], [ 92.093705547027824, 26.18860685797209 ], [ 92.060140199691929, 26.196301527923808 ], [ 92.055487577288943, 26.220484776343486 ], [ 92.0279041730426, 26.232576400553324 ], [ 92.013613975661968, 26.227904636654067 ], [ 92.010290673945548, 26.242744357275235 ], [ 91.983039599870864, 26.238347403017112 ], [ 91.981710279184284, 26.239446641581644 ], [ 91.972072704206653, 26.24824055009789 ], [ 91.980048628326074, 26.274347466005498 ], [ 91.992012514505205, 26.269675702106241 ], [ 92.015275626520193, 26.283141374521744 ], [ 92.024248541154535, 26.271049750311903 ], [ 92.0302304842441, 26.271874179235304 ], [ 92.036544757505311, 26.272698608158699 ], [ 92.040200389393377, 26.272973417799832 ], [ 92.041529710079956, 26.27544670457003 ], [ 92.084067972050192, 26.338927731671685 ], [ 92.09968749011739, 26.341126208800745 ], [ 92.157180609811562, 26.412301905854118 ], [ 92.1817730425131, 26.424393530063959 ], [ 92.217332370878864, 26.415874431188843 ], [ 92.21866169156543, 26.415599621547713 ], [ 92.244583444953548, 26.446103491713444 ], [ 92.281139763834233, 26.454347780947423 ], [ 92.341291524901521, 26.501615039222251 ], [ 92.340626864558246, 26.502439468145649 ] ] ] } },
{ "type": "Feature", "properties": { "dt_code": "321", "district": "Kamrup", "st_code": "18", "year": "2011_c", "st_nm": "Assam", "flood_events": 175.0, "fatalities": 2360.0, "injured": 69.0, "displaced": 3.0, "earthquake_events": 1.0, "max_earthquake_magnitude": 2.4, "avg_earthquake_magnitude": 2.4, "population": 1517542.0, "risk_score": 0.6467105263157894, "risk_level": "MEDIUM" }, "geometry": { "type": "MultiPolygon", "coordinates": [ [ [ [ 91.577929120638601, 26.529096003335521 ], [ 91.578261450810231, 26.528821193694391 ], [ 91.582581743041587, 26.52799676477099 ], [ 91.586237374929652, 26.528271574412123 ], [ 91.586569705101297, 26.527172335847592 ], [ 91.589560676646087, 26.514531092355487 ], [ 91.619470392093916, 26.512882234508691 ], [ 91.616147090377481, 26.485676080036555 ], [ 91.628443306728258, 26.493370749988269 ], [ 91.620467382608837, 26.479630267931633 ], [ 91.628110976556613, 26.480729506496164 ], [ 91.626449325698403, 26.470836359415387 ], [ 91.618141071407337, 26.468637882286323 ], [ 91.629107967071548, 26.464790547310468 ], [ 91.625120005011837, 26.447202730277972 ], [ 91.676631181616429, 26.448301968842504 ], [ 91.709864198780679, 26.478805839008235 ], [ 91.7201664341016, 26.476882171520305 ], [ 91.7248190565046, 26.502989087427913 ], [ 91.754396441780784, 26.494469988552801 ], [ 91.752402460750929, 26.481553935419562 ], [ 91.779985864997258, 26.481828745060696 ], [ 91.779321204653982, 26.479630267931633 ], [ 91.779321204653982, 26.479080648649369 ], [ 91.777327223624127, 26.470011930491989 ], [ 91.771012950362916, 26.468637882286323 ], [ 91.766360327959916, 26.462317260540274 ], [ 91.768686639161416, 26.44802715920137 ], [ 91.775665572765917, 26.427141626475287 ], [ 91.789623439974903, 26.410103428725058 ], [ 91.797599364094324, 26.400485091285411 ], [ 91.817871504564508, 26.375752223583468 ], [ 91.820862476109298, 26.372179698248743 ], [ 91.822191796795863, 26.370530840401948 ], [ 91.821859466624218, 26.331782681002235 ], [ 91.808566259758521, 26.322164343562591 ], [ 91.808898589930166, 26.321339914639189 ], [ 91.815545193363022, 26.313370435046341 ], [ 91.812221891646587, 26.314469673610873 ], [ 91.795605383064469, 26.320515485715791 ], [ 91.793279071862969, 26.321339914639189 ], [ 91.781979846027113, 26.305400955453493 ], [ 91.789955770146534, 26.270225321388505 ], [ 91.790288100318179, 26.268026844259445 ], [ 91.785635477915193, 26.255660410408474 ], [ 91.783973827056968, 26.250988646509217 ], [ 91.781315185683837, 26.244118405480897 ], [ 91.747085178004653, 26.221309205266884 ], [ 91.746752847833008, 26.216637441367627 ], [ 91.748746828862863, 26.209217581057043 ], [ 91.748746828862863, 26.208942771415913 ], [ 91.731465659937456, 26.210866438903839 ], [ 91.711858179810548, 26.191354954383417 ], [ 91.694909341056771, 26.203996197875522 ], [ 91.671978559213429, 26.201797720746463 ], [ 91.68228079453435, 26.215813012444229 ], [ 91.664667295437297, 26.219660347420088 ], [ 91.643398164452179, 26.195477099000406 ], [ 91.651706418743245, 26.178438901250182 ], [ 91.657356031661166, 26.182286236226037 ], [ 91.6490477773701, 26.165522848116943 ], [ 91.64838311702681, 26.165522848116943 ], [ 91.568956206004245, 26.150408317854644 ], [ 91.5686238758326, 26.150133508213511 ], [ 91.564635913772889, 26.14491212503199 ], [ 91.564303583601244, 26.104240298144347 ], [ 91.587234365444587, 26.09022500644658 ], [ 91.5686238758326, 26.05999594592198 ], [ 91.578593780981876, 26.059171516998582 ], [ 91.579258441325166, 26.068240235155962 ], [ 91.586569705101297, 26.05779746879292 ], [ 91.598201261108784, 26.060820374845378 ], [ 91.600195242138639, 26.075660095466546 ], [ 91.629440297243193, 26.074835666543148 ], [ 91.72315740564639, 26.034988268578903 ], [ 91.7224927453031, 25.9778278632233 ], [ 91.7224927453031, 25.965736239013459 ], [ 91.72083109444489, 25.962163713678734 ], [ 91.715513811698614, 25.949247660545499 ], [ 91.713519830668758, 25.944026277363974 ], [ 91.670649238526863, 25.904178879399733 ], [ 91.6513740885716, 25.906377356528793 ], [ 91.60950048694464, 25.937430845976792 ], [ 91.61182679814614, 25.945125515928506 ], [ 91.629772627414837, 25.94347665808171 ], [ 91.640739523079034, 25.96381257152553 ], [ 91.626116995526758, 25.98689658138068 ], [ 91.631101948101403, 26.022072215445668 ], [ 91.597536600765508, 26.018224880469809 ], [ 91.579923101668456, 26.033339410732108 ], [ 91.551010376735547, 25.976728624658769 ], [ 91.518109689742928, 25.959965236549674 ], [ 91.519771340601153, 25.939904132746985 ], [ 91.502822501847376, 25.926713269972616 ], [ 91.503154832019021, 25.913797216839377 ], [ 91.536720179354916, 25.931385033871869 ], [ 91.504816482877231, 25.907751404734459 ], [ 91.503819492362311, 25.891262826266495 ], [ 91.483879682063758, 25.893186493754424 ], [ 91.474574437257758, 25.874224628516266 ], [ 91.508804444936942, 25.866804768205682 ], [ 91.462942881250271, 25.857186430766038 ], [ 91.444997051981574, 25.839873423374677 ], [ 91.422398600309876, 25.854438334354711 ], [ 91.371552084048574, 25.846468854761863 ], [ 91.335660425511179, 25.840697852298074 ], [ 91.335660425511179, 25.840697852298074 ], [ 91.335660425511179, 25.840697852298074 ], [ 91.274511673928941, 25.750560290006547 ], [ 91.22233583698106, 25.722529706611009 ], [ 91.190432140503376, 25.74781219359522 ], [ 91.178135924152613, 25.777491634837553 ], [ 91.186111848272034, 25.818438271366325 ], [ 91.203725347369087, 25.843445948709402 ], [ 91.195749423249666, 25.861583385024161 ], [ 91.180129905182469, 25.843995567991669 ], [ 91.147561548361494, 25.850590999378852 ], [ 91.120310474286811, 25.83300318234636 ], [ 91.062152694249363, 25.820911558136519 ], [ 91.048859487383652, 25.829430657011635 ], [ 91.071790269226994, 25.838774184810148 ], [ 91.078436872659836, 25.852789476507915 ], [ 91.048194827040376, 25.84921695117319 ], [ 91.047530166697086, 25.84921695117319 ], [ 91.046865506353797, 25.848392522249792 ], [ 91.011638508159692, 25.824484083471244 ], [ 91.007318215928336, 25.824758893112378 ], [ 91.015626470219402, 25.848117712608659 ], [ 91.026593365883599, 25.880270440621185 ], [ 91.025596375368679, 25.88576663344384 ], [ 91.028587346913454, 25.886041443084974 ], [ 91.047530166697086, 25.941552990593781 ], [ 91.080430853689691, 25.972331670400646 ], [ 91.099373673473323, 26.009980591235827 ], [ 91.089071438152402, 26.031965362526442 ], [ 91.065143665794139, 26.047629512071008 ], [ 91.026261035711968, 26.046805083147611 ], [ 90.981396462540218, 26.062744042333307 ], [ 90.947831115204323, 26.090774625728844 ], [ 90.940187521256547, 26.092973102857908 ], [ 90.943510822972968, 26.094621960704703 ], [ 90.948828105719244, 26.097095247474897 ], [ 90.995354329749205, 26.11962963804778 ], [ 90.99568665992085, 26.119354828406646 ], [ 91.009312196958192, 26.11550749343079 ], [ 90.99801297112235, 26.12869835620516 ], [ 91.029584337428389, 26.119080018765516 ], [ 91.081095514032981, 26.161675513141084 ], [ 91.088074447637482, 26.16304956134675 ], [ 91.092062409697192, 26.163599180629014 ], [ 91.100702994159889, 26.165248038475809 ], [ 91.116987172570376, 26.154805272112768 ], [ 91.201731366339231, 26.177064853044516 ], [ 91.212698262003428, 26.180087759096978 ], [ 91.218015544749719, 26.178438901250182 ], [ 91.223332827495994, 26.178988520532446 ], [ 91.294783814399139, 26.157278558882961 ], [ 91.353606254779876, 26.167171705963739 ], [ 91.390494903832192, 26.139141122568201 ], [ 91.414422676190455, 26.136118216515744 ], [ 91.420404619280021, 26.174591566274323 ], [ 91.411099374474034, 26.201248101464195 ], [ 91.419739958936745, 26.205919865363452 ], [ 91.422398600309876, 26.232301590912193 ], [ 91.412761025332244, 26.265003938206984 ], [ 91.412761025332244, 26.265553557489248 ], [ 91.436688797690508, 26.260332174307727 ], [ 91.451311325242784, 26.269675702106241 ], [ 91.45496695713085, 26.320240676074661 ], [ 91.525088623347429, 26.336729254542622 ], [ 91.519439010429508, 26.354866690857381 ], [ 91.536387849183271, 26.376576652506866 ], [ 91.528744255235495, 26.392790421333697 ], [ 91.564303583601244, 26.430164532527744 ], [ 91.549681056048982, 26.469462311209725 ], [ 91.550013386220613, 26.470011930491989 ], [ 91.561977272399758, 26.483752412548625 ], [ 91.556327659481823, 26.525523478000796 ], [ 91.577929120638601, 26.529096003335521 ] ] ], [ [ [ 91.514121727683218, 25.867904006770214 ], [ 91.526417944033994, 25.891262826266495 ], [ 91.535058528496705, 25.88384296595591 ], [ 91.530405906093705, 25.871476532104939 ], [ 91.514121727683218, 25.867904006770214 ] ] ] ] } },
{ "type": "Feature", "properties": { "dt_code": "319", "district": "Bongaigaon", "st_code": "18", "year": "2011_c", "st_nm": "Assam", "flood_events": 84.0, "fatalities": 1746.0, "injured": 49.0, "displaced": 0.0, "earthquake_events": 0.0, "max_earthquake_magnitude": 0.0, "avg_earthquake_magnitude": 0.0, "population": 738804.0, "risk_score": 0.24114832535885167, "risk_level": "LOW" }, "geometry": { "type": "Polygon", "coordinates": [ [ [ 90.399154001822467, 26.441706537455318 ], [ 90.429063717270296, 26.448851588124768 ], [ 90.437371971561362, 26.460943212334609 ], [ 90.459970423233059, 26.452973732741761 ], [ 90.46329372494948, 26.464790547310468 ], [ 90.477251592158467, 26.462592070181405 ], [ 90.456314791344994, 26.432637819297938 ], [ 90.476586931815191, 26.385645370664246 ], [ 90.480907224046547, 26.4205461950881 ], [ 90.50417033606152, 26.426317197551889 ], [ 90.509819948979441, 26.448851588124768 ], [ 90.498188392971954, 26.459569164128943 ], [ 90.519789854128717, 26.509309709173966 ], [ 90.589911520345296, 26.489798224653544 ], [ 90.601875406524428, 26.49144708250034 ], [ 90.588914529830362, 26.511508186303029 ], [ 90.601210746181138, 26.516454759843416 ], [ 90.623476867681191, 26.50766085132717 ], [ 90.620818226308046, 26.493645559629403 ], [ 90.682299308061928, 26.499141752452054 ], [ 90.685622609778349, 26.481828745060696 ], [ 90.717193976084388, 26.479355458290499 ], [ 90.710215042479902, 26.451599684536095 ], [ 90.735804465696376, 26.441981347096451 ], [ 90.744777380330717, 26.465614976233866 ], [ 90.731151843293375, 26.471935597979918 ], [ 90.731151843293375, 26.482927983625224 ], [ 90.766378841487494, 26.485676080036555 ], [ 90.777345737151691, 26.504912754915843 ], [ 90.757405926853139, 26.51480590199662 ], [ 90.774687095778546, 26.530470051541187 ], [ 90.786983312129323, 26.527721955129859 ], [ 90.787647972472612, 26.517553998407948 ], [ 90.847799733539915, 26.52799676477099 ], [ 90.850126044741415, 26.519752475537011 ], [ 90.842150120621994, 26.499691371734322 ], [ 90.827195262898073, 26.502164658504515 ], [ 90.822874970666717, 26.490622653576942 ], [ 90.80492914139802, 26.496668465681861 ], [ 90.803932150883099, 26.477981410084837 ], [ 90.818554678435376, 26.475782932955774 ], [ 90.827527593069718, 26.448851588124768 ], [ 90.796953217278599, 26.435660725350399 ], [ 90.812905065517441, 26.428240865039815 ], [ 90.855775657659336, 26.438958441043994 ], [ 90.861757600748902, 26.430988961451142 ], [ 90.844808761995125, 26.401859139491076 ], [ 90.861092940405612, 26.377401081430264 ], [ 90.859763619719047, 26.36283617045023 ], [ 90.840820799935415, 26.357614787268709 ], [ 90.817890018092086, 26.366958315067222 ], [ 90.789309623330823, 26.329309394232041 ], [ 90.802602830196534, 26.307049813300289 ], [ 90.751423983763573, 26.309523100070486 ], [ 90.720517277800823, 26.28259175523948 ], [ 90.720184947629178, 26.268576463541709 ], [ 90.731151843293375, 26.268301653900576 ], [ 90.73314582432323, 26.257858887537534 ], [ 90.697586495957481, 26.257858887537534 ], [ 90.683960958920139, 26.257858887537534 ], [ 90.672994063255928, 26.25043902722695 ], [ 90.65338658312902, 26.237248164452581 ], [ 90.670003091711152, 26.202072530387593 ], [ 90.661030177076796, 26.207293913569114 ], [ 90.656045224502165, 26.211141248544973 ], [ 90.65504823398723, 26.210866438903839 ], [ 90.622479877166271, 26.202072530387593 ], [ 90.618159584934915, 26.209217581057043 ], [ 90.600213755666218, 26.215263393161962 ], [ 90.577282973822875, 26.203446578593258 ], [ 90.521119174815283, 26.199599243617399 ], [ 90.519457523957072, 26.198500005052868 ], [ 90.469275668039046, 26.16827094452827 ], [ 90.469940328382336, 26.178164091609048 ], [ 90.444683235337507, 26.165797657758077 ], [ 90.443021584479283, 26.178713710891312 ], [ 90.448338867225573, 26.183935094072833 ], [ 90.442024593964362, 26.184759522996231 ], [ 90.391178077703046, 26.191354954383417 ], [ 90.390181087188125, 26.203446578593258 ], [ 90.410453227658323, 26.21196567746837 ], [ 90.442024593964362, 26.236423735529183 ], [ 90.432054688815086, 26.260881793589995 ], [ 90.450332848255428, 26.250713836868083 ], [ 90.445015565509138, 26.267477224977178 ], [ 90.473263630098756, 26.270774940670773 ], [ 90.458641102546494, 26.272148988876435 ], [ 90.455317800830059, 26.285339851650804 ], [ 90.465952366322625, 26.276271133493424 ], [ 90.46395838529277, 26.28973680590893 ], [ 90.483565865419678, 26.296057427654979 ], [ 90.465952366322625, 26.325187249615048 ], [ 90.474260620613691, 26.332607109925632 ], [ 90.46229673443456, 26.328210155667509 ], [ 90.453988480143494, 26.340851399159614 ], [ 90.456979451688269, 26.357339977627575 ], [ 90.445347895680783, 26.346072782341135 ], [ 90.444018574994217, 26.360362883680036 ], [ 90.436374981046441, 26.359263645115504 ], [ 90.436042650874796, 26.344149114853206 ], [ 90.435045660359862, 26.34442392449434 ], [ 90.425075755210585, 26.363110980091363 ], [ 90.437371971561362, 26.364759837938159 ], [ 90.426405075897165, 26.367507934349486 ], [ 90.433716339673296, 26.376576652506866 ], [ 90.431057698300151, 26.37712627178913 ], [ 90.432719349158376, 26.380973606764989 ], [ 90.42374643452402, 26.382072845329521 ], [ 90.424743425038955, 26.383172083894053 ], [ 90.427402066412085, 26.385370561023112 ], [ 90.428066726755375, 26.385920180305376 ], [ 90.425740415553875, 26.396088137027288 ], [ 90.416435170747889, 26.390591944204633 ], [ 90.417099831091164, 26.407630141954861 ], [ 90.403474294053822, 26.406805713031464 ], [ 90.415438180232954, 26.430714151810012 ], [ 90.402477303538902, 26.433462248221339 ], [ 90.399154001822467, 26.441156918173053 ], [ 90.399154001822467, 26.441706537455318 ] ] ] } },
{ "type": "Feature", "properties": { "dt_code": "301", "district": "Dhubri", "st_code": "18", "year": "2011_c", "st_nm": "Assam", "flood_events": 118.0, "fatalities": 2276.0, "injured": 60.0, "displaced": 1.0, "earthquake_events": 0.0, "max_earthquake_magnitude": 0.0, "avg_earthquake_magnitude": 0.0, "population": 1949258.0, "risk_score": 0.33875598086124398, "risk_level": "LOW" }, "geometry": { "type": "Polygon", "coordinates": [ [ [ 89.843165624664493, 26.383172083894053 ], [ 89.844162615179414, 26.377950700712528 ], [ 89.844827275522704, 26.372729317531007 ], [ 89.875733981485453, 26.36283617045023 ], [ 89.869087378052612, 26.349645307675861 ], [ 89.902985055560151, 26.337004064183756 ], [ 89.905643696933282, 26.32628648817958 ], [ 89.879721943545164, 26.307049813300289 ], [ 89.884706896119809, 26.298530714425176 ], [ 89.866096406507822, 26.257858887537534 ], [ 89.874072330627243, 26.247416121174492 ], [ 89.858785142731691, 26.238347403017112 ], [ 89.869752038395887, 26.234225258400119 ], [ 89.860114463418256, 26.219935157061219 ], [ 89.873075340112322, 26.202072530387593 ], [ 89.860114463418256, 26.188057238689826 ], [ 89.875401651313823, 26.189156477254357 ], [ 89.868422717709322, 26.149858698572377 ], [ 89.869087378052612, 26.149309079290113 ], [ 89.882712915089954, 26.135568597233476 ], [ 89.908634668478072, 26.132545691181015 ], [ 89.915945932254203, 26.116606731995319 ], [ 89.935553412381111, 26.116881541636452 ], [ 89.938212053754256, 26.132820500822149 ], [ 89.96679244851552, 26.127049498358364 ], [ 89.982079636411072, 26.136667835798008 ], [ 90.024950228552967, 26.12677468871723 ], [ 90.063832858635138, 26.172667898786393 ], [ 90.152232684292059, 26.208942771415913 ], [ 90.147247731717414, 26.219935157061219 ], [ 90.136280836053217, 26.215538202803096 ], [ 90.120328987814375, 26.25043902722695 ], [ 90.104044809403888, 26.251263456150348 ], [ 90.097398205971032, 26.262255841795657 ], [ 90.103380149060598, 26.267752034618312 ], [ 90.11767034644123, 26.258683316460932 ], [ 90.140601128284572, 26.276271133493424 ], [ 90.140933458456217, 26.293309331243655 ], [ 90.125978600732296, 26.283141374521744 ], [ 90.124316949874085, 26.303752097606697 ], [ 90.107700441291954, 26.312546006122943 ], [ 90.118002676612875, 26.316942960381066 ], [ 90.116673355926309, 26.338927731671685 ], [ 90.148577052403994, 26.352668213728322 ], [ 90.187792012657809, 26.345523163058871 ], [ 90.207067162613086, 26.363110980091363 ], [ 90.206734832441441, 26.374927794660071 ], [ 90.227006972911639, 26.383996512817451 ], [ 90.23431823668777, 26.365584266861557 ], [ 90.214710756560862, 26.35156897516379 ], [ 90.227671633254914, 26.349370498034727 ], [ 90.216040077247428, 26.328759774949773 ], [ 90.267218923680375, 26.330683442437703 ], [ 90.264560282307244, 26.313095625405211 ], [ 90.281176790889361, 26.292210092679124 ], [ 90.27220387625502, 26.267202415336047 ], [ 90.258578339217678, 26.272973417799832 ], [ 90.251599405613177, 26.26445431892472 ], [ 90.288155724493862, 26.252087885073749 ], [ 90.287158733978927, 26.237522974093714 ], [ 90.306433883934204, 26.245767263327693 ], [ 90.303442912389414, 26.2575840778964 ], [ 90.320724081314836, 26.278744420263621 ], [ 90.343987193329809, 26.270774940670773 ], [ 90.35196311744923, 26.287263519138733 ], [ 90.362930013113441, 26.273248227440966 ], [ 90.353624768307441, 26.269950511747375 ], [ 90.355286419165651, 26.258133697178668 ], [ 90.381208172553769, 26.268576463541709 ], [ 90.379214191523914, 26.309248290429352 ], [ 90.403141963882177, 26.319965866433527 ], [ 90.404803614740402, 26.320790295356925 ], [ 90.395830700106046, 26.357065167986445 ], [ 90.397492350964257, 26.359538454756638 ], [ 90.424743425038955, 26.363385789732497 ], [ 90.425075755210585, 26.363110980091363 ], [ 90.435045660359862, 26.34442392449434 ], [ 90.436042650874796, 26.344149114853206 ], [ 90.436374981046441, 26.359263645115504 ], [ 90.444018574994217, 26.360362883680036 ], [ 90.445347895680783, 26.346072782341135 ], [ 90.456979451688269, 26.357339977627575 ], [ 90.453988480143494, 26.340851399159614 ], [ 90.46229673443456, 26.328210155667509 ], [ 90.474260620613691, 26.332607109925632 ], [ 90.465952366322625, 26.325187249615048 ], [ 90.483565865419678, 26.296057427654979 ], [ 90.46395838529277, 26.28973680590893 ], [ 90.465952366322625, 26.276271133493424 ], [ 90.455317800830059, 26.285339851650804 ], [ 90.458641102546494, 26.272148988876435 ], [ 90.473263630098756, 26.270774940670773 ], [ 90.445015565509138, 26.267477224977178 ], [ 90.450332848255428, 26.250713836868083 ], [ 90.432054688815086, 26.260881793589995 ], [ 90.442024593964362, 26.236423735529183 ], [ 90.410453227658323, 26.21196567746837 ], [ 90.390181087188125, 26.203446578593258 ], [ 90.390181087188125, 26.203996197875522 ], [ 90.389516426844835, 26.203721388234388 ], [ 90.357612730367151, 26.189980906177755 ], [ 90.304772233075994, 26.192729002589083 ], [ 90.264892612478889, 26.183110665149435 ], [ 90.261236980590809, 26.154530462471634 ], [ 90.247943773725112, 26.140515170773867 ], [ 90.195435606605585, 26.127324307999494 ], [ 90.194438616090665, 26.126225069434966 ], [ 90.191115314374244, 26.122377734459107 ], [ 90.173834145448822, 26.103141059579816 ], [ 90.169513853217467, 26.081980717212598 ], [ 90.169181523045836, 26.079782240083535 ], [ 90.168849192874191, 26.077583762954475 ], [ 90.173169485105547, 26.070438712285025 ], [ 90.181810069568243, 26.050102798841202 ], [ 90.180148418710033, 26.049003560276674 ], [ 90.178486767851822, 26.048179131353272 ], [ 90.141598118799493, 26.053125704893663 ], [ 90.131628213650217, 26.054224943458195 ], [ 90.082443348247125, 26.040484461401558 ], [ 90.056189264687362, 26.000637063437313 ], [ 90.019300615635046, 26.002285921284113 ], [ 89.972109731261796, 25.975354576453107 ], [ 89.945190987358757, 25.950072089468897 ], [ 89.948846619246822, 25.925064412125817 ], [ 89.937215063239336, 25.924789602484687 ], [ 89.930236129634835, 25.906377356528793 ], [ 89.898000102985506, 25.900331544423874 ], [ 89.876398641828743, 25.879171202056654 ], [ 89.843165624664493, 25.883018537032513 ], [ 89.887365537492954, 25.945125515928506 ], [ 89.825219795395796, 25.945949944851904 ], [ 89.829540087627137, 25.955018663009284 ], [ 89.84947989792569, 25.949247660545499 ], [ 89.841836303977914, 25.970408002912716 ], [ 89.872743009940677, 25.977278243941033 ], [ 89.836186691059993, 26.012728687647154 ], [ 89.835854360888348, 25.982224817481423 ], [ 89.820567172992796, 25.987446200662944 ], [ 89.81923785230623, 26.025644740780393 ], [ 89.808603286813664, 26.043782177095149 ], [ 89.787998816171822, 26.019049309393207 ], [ 89.801956683380808, 26.040484461401558 ], [ 89.77370861879119, 26.038560793913629 ], [ 89.788995806686756, 26.049003560276674 ], [ 89.785340174798691, 26.056973039869522 ], [ 89.798633381664388, 26.059446326639716 ], [ 89.794645419604677, 26.088850958240915 ], [ 89.781684542910611, 26.08307995577713 ], [ 89.784343184283756, 26.105339536708879 ], [ 89.756759780037427, 26.108362442761337 ], [ 89.766729685186704, 26.129247975487424 ], [ 89.747122205059796, 26.157828178165225 ], [ 89.720535791328388, 26.158377797447493 ], [ 89.728844045619454, 26.170744231298464 ], [ 89.736819969738875, 26.172118279504126 ], [ 89.729841036134374, 26.172118279504126 ], [ 89.709901225835821, 26.171843469862996 ], [ 89.706577924119401, 26.17733966268565 ], [ 89.698602, 26.190805335101153 ], [ 89.713224527552256, 26.187232809766428 ], [ 89.720535791328388, 26.195202289359276 ], [ 89.711562876694046, 26.202347340028727 ], [ 89.73416132836573, 26.210042009980441 ], [ 89.700595981029835, 26.218011489573289 ], [ 89.732167347335874, 26.236698545170317 ], [ 89.716880159440322, 26.256759648973002 ], [ 89.702257631888045, 26.259232935743199 ], [ 89.706910254291046, 26.270500131029639 ], [ 89.719871130985098, 26.25730926825527 ], [ 89.738481620597085, 26.269950511747375 ], [ 89.717544819783612, 26.295507808372715 ], [ 89.720203461156743, 26.306500194018025 ], [ 89.726850064589598, 26.294408569808184 ], [ 89.757092110209072, 26.288912376985529 ], [ 89.751110167119506, 26.321065104998059 ], [ 89.763074053298638, 26.316668150739936 ], [ 89.766397355015059, 26.31941624715126 ], [ 89.782681533425546, 26.332607109925632 ], [ 89.781019882567335, 26.352943023369452 ], [ 89.820567172992796, 26.373004127172141 ], [ 89.811261928186809, 26.360362883680036 ], [ 89.81225891870173, 26.359538454756638 ], [ 89.81558222041815, 26.356515548704177 ], [ 89.820234842821151, 26.352668213728322 ], [ 89.820567172992796, 26.355141500498515 ], [ 89.824887465224151, 26.381523226047253 ], [ 89.828543097112217, 26.381798035688387 ], [ 89.834525040201783, 26.382347654970651 ], [ 89.843165624664493, 26.383172083894053 ] ] ] } },
{ "type": "Feature", "properties": { "dt_code": "322", "district": "Kamrup Metropolitan", "st_code": "18", "year": "2011_c", "st_nm": "Assam", "flood_events": 95.0, "fatalities": 1481.0, "injured": 61.0, "displaced": 0.0, "earthquake_events": 0.0, "max_earthquake_magnitude": 0.0, "avg_earthquake_magnitude": 0.0, "population": 1253938.0, "risk_score": 0.27272727272727271, "risk_level": "LOW" }, "geometry": { "type": "Polygon", "coordinates": [ [ [ 91.748746828862863, 26.209217581057043 ], [ 91.771012950362916, 26.198500005052868 ], [ 91.880017246661666, 26.216637441367627 ], [ 91.978054647296219, 26.274897085287762 ], [ 91.980048628326074, 26.274347466005498 ], [ 91.972072704206653, 26.24824055009789 ], [ 91.981710279184284, 26.239446641581644 ], [ 91.983039599870864, 26.238347403017112 ], [ 92.010290673945548, 26.242744357275235 ], [ 92.013613975661968, 26.227904636654067 ], [ 92.0279041730426, 26.232576400553324 ], [ 92.055487577288943, 26.220484776343486 ], [ 92.060140199691929, 26.196301527923808 ], [ 92.093705547027824, 26.18860685797209 ], [ 92.080080009990482, 26.17733966268565 ], [ 92.10666642372189, 26.172118279504126 ], [ 92.129597205565219, 26.180637378379242 ], [ 92.149869346035416, 26.16140070349995 ], [ 92.154854298610061, 26.170744231298464 ], [ 92.167150514960838, 26.163873990270147 ], [ 92.163494883072758, 26.121828115176839 ], [ 92.175126439080259, 26.077308953313342 ], [ 92.172800127878759, 26.075660095466546 ], [ 92.169476826162338, 26.077858572595606 ], [ 92.132588177110009, 26.044331796377417 ], [ 92.097361178915904, 26.049278369917804 ], [ 92.051499615229233, 26.032789791449844 ], [ 91.98902154296043, 26.038560793913629 ], [ 91.983371930042509, 26.025919550421523 ], [ 91.931196093094627, 26.012453878006021 ], [ 91.91956453708714, 25.998713395949387 ], [ 91.910591622452785, 26.008056923747898 ], [ 91.909594631937864, 26.008881352671295 ], [ 91.914579584512495, 26.020698167240003 ], [ 91.883008218206456, 26.026194360062657 ], [ 91.867388700139259, 26.042133319248354 ], [ 91.879020256146745, 26.098194486039429 ], [ 91.826844419198864, 26.118805209124382 ], [ 91.825182768340653, 26.11962963804778 ], [ 91.791285090833114, 26.08527843290619 ], [ 91.777327223624127, 26.089400577523183 ], [ 91.731133329765811, 26.058896707357448 ], [ 91.72315740564639, 26.034988268578903 ], [ 91.629440297243193, 26.074835666543148 ], [ 91.600195242138639, 26.075660095466546 ], [ 91.598201261108784, 26.060820374845378 ], [ 91.586569705101297, 26.05779746879292 ], [ 91.579258441325166, 26.068240235155962 ], [ 91.578593780981876, 26.059171516998582 ], [ 91.5686238758326, 26.05999594592198 ], [ 91.587234365444587, 26.09022500644658 ], [ 91.564303583601244, 26.104240298144347 ], [ 91.564635913772889, 26.14491212503199 ], [ 91.5686238758326, 26.150133508213511 ], [ 91.568956206004245, 26.150408317854644 ], [ 91.64838311702681, 26.165522848116943 ], [ 91.6490477773701, 26.165522848116943 ], [ 91.657356031661166, 26.182286236226037 ], [ 91.651706418743245, 26.178438901250182 ], [ 91.643398164452179, 26.195477099000406 ], [ 91.664667295437297, 26.219660347420088 ], [ 91.68228079453435, 26.215813012444229 ], [ 91.671978559213429, 26.201797720746463 ], [ 91.694909341056771, 26.203996197875522 ], [ 91.711858179810548, 26.191354954383417 ], [ 91.731465659937456, 26.210866438903839 ], [ 91.748746828862863, 26.208942771415913 ], [ 91.748746828862863, 26.209217581057043 ] ] ] } },
{ "type": "Feature", "properties": { "dt_code": "302", "district": "Goalpara", "st_code": "18", "year": "2011_c", "st_nm": "Assam", "flood_events": 135.0, "fatalities": 2228.0, "injured": 63.0, "displaced": 0.0, "earthquake_events": 0.0, "max_earthquake_magnitude": 0.0, "avg_earthquake_magnitude": 0.0, "population": 1008183.0, "risk_score": 0.38755980861244022, "risk_level": "LOW" }, "geometry": { "type": "Polygon", "coordinates": [ [ [ 90.670003091711152, 26.202072530387593 ], [ 90.671664742569362, 26.198225195411734 ], [ 90.693930864069415, 26.150957937136909 ], [ 90.714535334711258, 26.130072404410821 ], [ 90.781998359554692, 26.129247975487424 ], [ 90.839491479248849, 26.109186871684734 ], [ 90.859431289547402, 26.112484587378329 ], [ 90.871395175726533, 26.095721199269235 ], [ 90.915927418726639, 26.089950196805447 ], [ 90.91692440924156, 26.089675387164313 ], [ 90.92224169198785, 26.093522722140172 ], [ 90.934870238510257, 26.100942582450756 ], [ 90.935867229025192, 26.100667772809622 ], [ 90.943510822972968, 26.094621960704703 ], [ 90.940187521256547, 26.092973102857908 ], [ 90.947831115204323, 26.090774625728844 ], [ 90.981396462540218, 26.062744042333307 ], [ 91.026261035711968, 26.046805083147611 ], [ 91.065143665794139, 26.047629512071008 ], [ 91.089071438152402, 26.031965362526442 ], [ 91.099373673473323, 26.009980591235827 ], [ 91.080430853689691, 25.972331670400646 ], [ 91.047530166697086, 25.941552990593781 ], [ 91.028587346913454, 25.886041443084974 ], [ 91.025596375368679, 25.88576663344384 ], [ 90.968767916017796, 25.885217014161576 ], [ 90.96644160481631, 25.914072026480511 ], [ 90.947498785032678, 25.948148421980967 ], [ 90.933873247995336, 25.939904132746985 ], [ 90.917256739413205, 25.944575896646242 ], [ 90.91692440924156, 25.914072026480511 ], [ 90.8843560524206, 25.950346899110027 ], [ 90.881032750704165, 25.942927038799446 ], [ 90.84414410165185, 25.945949944851904 ], [ 90.835503517189139, 25.936606417053394 ], [ 90.836168177532429, 25.948423231622098 ], [ 90.80891710345773, 25.95254537623909 ], [ 90.779672048353191, 25.91104912042805 ], [ 90.778010397494981, 25.908575833657856 ], [ 90.772693114748691, 25.909400262581254 ], [ 90.756741266509849, 25.91104912042805 ], [ 90.760396898397929, 25.922041506073359 ], [ 90.742451069129231, 25.912423168633715 ], [ 90.745442040674007, 25.917919361456367 ], [ 90.750426993248652, 25.926163650690349 ], [ 90.752753304450138, 25.930560604948472 ], [ 90.751423983763573, 25.931385033871869 ], [ 90.746771361360572, 25.928087318178278 ], [ 90.740457088099376, 25.939354513464721 ], [ 90.742118738957586, 25.95446904372702 ], [ 90.724505239860534, 25.946774373775302 ], [ 90.717526306256033, 25.955018663009284 ], [ 90.717193976084388, 25.955018663009284 ], [ 90.636770074546902, 25.922041506073359 ], [ 90.631120461628967, 25.919018600020898 ], [ 90.621815216822981, 25.897858257653681 ], [ 90.606195698755783, 25.916820122891838 ], [ 90.624141528024481, 25.939354513464721 ], [ 90.587917539315441, 25.958041569061745 ], [ 90.576618313479599, 25.936881226694524 ], [ 90.543717626486981, 25.923690363920155 ], [ 90.549034909233256, 25.915446074686173 ], [ 90.513475580867507, 25.896484209448015 ], [ 90.508490628292876, 25.901705592629536 ], [ 90.53507704202427, 25.949797279827763 ], [ 90.475922271471902, 26.009705781594693 ], [ 90.434048669844941, 25.991568345279934 ], [ 90.431722358643441, 25.991568345279934 ], [ 90.422417113837454, 25.991568345279934 ], [ 90.408126916456823, 26.004759208054306 ], [ 90.405468275083678, 26.009156162312429 ], [ 90.403474294053822, 26.009156162312429 ], [ 90.364259333800007, 26.008881352671295 ], [ 90.362265352770152, 26.008881352671295 ], [ 90.361268362255217, 26.007782114106764 ], [ 90.324712043374547, 25.973430908965177 ], [ 90.211387454844427, 25.952820185880224 ], [ 90.202746870381731, 25.961064475114203 ], [ 90.186795022142888, 25.944301087005108 ], [ 90.176825116993612, 25.959140807626277 ], [ 90.15854695755327, 25.957217140138347 ], [ 90.151235693777124, 25.966835477577991 ], [ 90.12232296884423, 25.958865997985143 ], [ 90.116673355926309, 25.959415617267407 ], [ 90.119664327471085, 25.969033954707051 ], [ 90.119664327471085, 25.969583573989318 ], [ 90.128969572277086, 25.966560667936857 ], [ 90.142262779142783, 25.982499627122557 ], [ 90.187459682486164, 26.001461492360711 ], [ 90.183471720426454, 26.008881352671295 ], [ 90.19742958763544, 26.025919550421523 ], [ 90.170843173904046, 26.044056986736283 ], [ 90.178486767851822, 26.048179131353272 ], [ 90.180148418710033, 26.049003560276674 ], [ 90.181810069568243, 26.050102798841202 ], [ 90.173169485105547, 26.070438712285025 ], [ 90.168849192874191, 26.077583762954475 ], [ 90.169181523045836, 26.079782240083535 ], [ 90.169513853217467, 26.081980717212598 ], [ 90.173834145448822, 26.103141059579816 ], [ 90.191115314374244, 26.122377734459107 ], [ 90.194438616090665, 26.126225069434966 ], [ 90.195435606605585, 26.127324307999494 ], [ 90.247943773725112, 26.140515170773867 ], [ 90.261236980590809, 26.154530462471634 ], [ 90.264892612478889, 26.183110665149435 ], [ 90.304772233075994, 26.192729002589083 ], [ 90.357612730367151, 26.189980906177755 ], [ 90.389516426844835, 26.203721388234388 ], [ 90.390181087188125, 26.203996197875522 ], [ 90.390181087188125, 26.203446578593258 ], [ 90.391178077703046, 26.191354954383417 ], [ 90.442024593964362, 26.184759522996231 ], [ 90.448338867225573, 26.183935094072833 ], [ 90.443021584479283, 26.178713710891312 ], [ 90.444683235337507, 26.165797657758077 ], [ 90.469940328382336, 26.178164091609048 ], [ 90.469275668039046, 26.16827094452827 ], [ 90.519457523957072, 26.198500005052868 ], [ 90.521119174815283, 26.199599243617399 ], [ 90.577282973822875, 26.203446578593258 ], [ 90.600213755666218, 26.215263393161962 ], [ 90.618159584934915, 26.209217581057043 ], [ 90.622479877166271, 26.202072530387593 ], [ 90.65504823398723, 26.210866438903839 ], [ 90.656045224502165, 26.211141248544973 ], [ 90.661030177076796, 26.207293913569114 ], [ 90.670003091711152, 26.202072530387593 ] ] ] } },
{ "type": "Feature", "properties": { "dt_code": "315", "district": "Dima Hasao", "st_code": "18", "year": "2011_c", "st_nm": "Assam", "flood_events": 75.0, "fatalities": 1135.0, "injured": 49.0, "displaced": 0.0, "earthquake_events": 1.0, "max_earthquake_magnitude": 4.1, "avg_earthquake_magnitude": 4.1, "population": 214102.0, "risk_score": 0.41758373205741628, "risk_level": "MEDIUM" }, "geometry": { "type": "Polygon", "coordinates": [ [ [ 93.06444197839572, 25.775293157708489 ], [ 93.068097610283786, 25.767598487756775 ], [ 93.068097610283786, 25.767323678115641 ], [ 93.09833965590326, 25.776942015555285 ], [ 93.098671986074891, 25.776942015555285 ], [ 93.098671986074891, 25.776942015555285 ], [ 93.129578692037654, 25.761003056369589 ], [ 93.125923060149589, 25.748636622518617 ], [ 93.146195200619786, 25.738468665796706 ], [ 93.145530540276496, 25.735995379026512 ], [ 93.148521511821286, 25.734071711538583 ], [ 93.142539568731721, 25.718407561994017 ], [ 93.1345636446123, 25.695598361780004 ], [ 93.13157267306751, 25.686529643622624 ], [ 93.13556063512722, 25.67691130618298 ], [ 93.141874908388431, 25.661796775920678 ], [ 93.142539568731721, 25.66097234699728 ], [ 93.142871898903351, 25.66097234699728 ], [ 93.170787633321325, 25.661796775920678 ], [ 93.17809889709747, 25.639812004630063 ], [ 93.191724434134812, 25.631842525037214 ], [ 93.179428217784036, 25.619476091186243 ], [ 93.17643724623926, 25.592819555996368 ], [ 93.208340942716944, 25.544178249515877 ], [ 93.208673272888575, 25.543628630233613 ], [ 93.258522798634971, 25.548850013415134 ], [ 93.270154354642457, 25.531262196382642 ], [ 93.270486684814102, 25.531262196382642 ], [ 93.29242047614251, 25.544453059157011 ], [ 93.301393390776852, 25.530437767459244 ], [ 93.301725720948497, 25.530437767459244 ], [ 93.302390381291787, 25.530437767459244 ], [ 93.321665531247049, 25.533185863870571 ], [ 93.327647474336615, 25.54143015310455 ], [ 93.328976795023181, 25.543079010951349 ], [ 93.329973785538115, 25.542254582027951 ], [ 93.33030611570976, 25.542529391669081 ], [ 93.349913595836668, 25.53236143494717 ], [ 93.359218840642654, 25.515048427555811 ], [ 93.385472924202418, 25.490590369494999 ], [ 93.386137584545708, 25.485918605595742 ], [ 93.391454867291984, 25.482346080261017 ], [ 93.390125546605418, 25.460361308970402 ], [ 93.424687884456233, 25.446620826913765 ], [ 93.453268279217497, 25.435078821986192 ], [ 93.455926920590642, 25.433704773780526 ], [ 93.456259250762287, 25.432605535215998 ], [ 93.458253231792142, 25.430956677369199 ], [ 93.470881778314549, 25.388361182993631 ], [ 93.473208089516049, 25.38533827694117 ], [ 93.472211099001129, 25.383689419094374 ], [ 93.448283326642866, 25.340819115077672 ], [ 93.469884787799629, 25.305918290653818 ], [ 93.470549448142904, 25.30509386173042 ], [ 93.469552457627984, 25.304544242448152 ], [ 93.427346525829378, 25.283383900080935 ], [ 93.381152631971062, 25.239689167140831 ], [ 93.381817292314352, 25.222925779031737 ], [ 93.345925633776957, 25.169887518293123 ], [ 93.345260973433668, 25.123444688941696 ], [ 93.332300096739615, 25.093490438058229 ], [ 93.314686597642549, 25.084696529541983 ], [ 93.299731739918641, 25.046223179783404 ], [ 93.264172411552892, 25.049520895476995 ], [ 93.25387017623197, 25.02066588315806 ], [ 93.243900271082694, 25.018467406028996 ], [ 93.244232601254339, 24.998131492585177 ], [ 93.259519789149891, 25.001154398637638 ], [ 93.259852119321536, 25.001154398637638 ], [ 93.256528817605101, 24.994833776891586 ], [ 93.245894252112549, 24.972574195959837 ], [ 93.244897261597615, 24.970375718830773 ], [ 93.240909299537904, 24.973948244165499 ], [ 93.227283762500562, 24.987139106939868 ], [ 93.203355990142299, 24.981642914117213 ], [ 93.203023659970654, 24.981642914117213 ], [ 93.179760547955681, 25.000604779355371 ], [ 93.061783337022575, 25.00225363720217 ], [ 93.053142752559864, 25.030833839879971 ], [ 93.014260122477694, 25.061887329327966 ], [ 93.043172847410588, 25.088543864517838 ], [ 93.047160809470299, 25.099261440522017 ], [ 93.036858574149377, 25.104482823703538 ], [ 92.977371473425364, 25.085520958465381 ], [ 92.959093313985022, 25.090192722364637 ], [ 92.951782050208891, 25.069032379997417 ], [ 92.897612232231154, 25.079200336719328 ], [ 92.835798820305641, 25.052543801529456 ], [ 92.812535708290667, 25.081398813848388 ], [ 92.777973370439838, 25.088269054876708 ], [ 92.75304860756664, 25.138284409562861 ], [ 92.737429089499443, 25.141582125256452 ], [ 92.730450155894957, 25.142956173462117 ], [ 92.734770448126312, 25.125917975711889 ], [ 92.722474231775536, 25.11272711293752 ], [ 92.664981112081378, 25.109154587602795 ], [ 92.64304732075297, 25.117673686477907 ], [ 92.619451878566338, 25.102284346574475 ], [ 92.598515077752864, 25.110803445449591 ], [ 92.539360307200482, 25.099261440522017 ], [ 92.523076128790009, 25.126192785353023 ], [ 92.52241146844672, 25.136910361357199 ], [ 92.52241146844672, 25.138834028845125 ], [ 92.52241146844672, 25.139383648127392 ], [ 92.621445859596193, 25.115200399707714 ], [ 92.628092463029049, 25.138284409562861 ], [ 92.655675867275377, 25.155047797671955 ], [ 92.663319461223153, 25.17675775932144 ], [ 92.693893837014272, 25.179231046091637 ], [ 92.742746372245733, 25.206712010204907 ], [ 92.775979389409983, 25.19984176917659 ], [ 92.801568812626456, 25.215505918721153 ], [ 92.771659097178627, 25.230070829701187 ], [ 92.761689192029351, 25.246559408169151 ], [ 92.777641040268193, 25.258376222737859 ], [ 92.768668125633852, 25.268269369818633 ], [ 92.79226356782047, 25.282559471157537 ], [ 92.781629002327904, 25.333399254767087 ], [ 92.74972530585022, 25.344116830771263 ], [ 92.732111806753167, 25.369124508114339 ], [ 92.738093749842733, 25.379567274477385 ], [ 92.717821609372535, 25.372697033449064 ], [ 92.67328936637243, 25.414193289260105 ], [ 92.661657810364943, 25.40649861930839 ], [ 92.653681886245522, 25.433704773780526 ], [ 92.63939168886489, 25.41776581459483 ], [ 92.625433821655903, 25.435078821986192 ], [ 92.627427802685759, 25.422162768852953 ], [ 92.606491001872286, 25.413368860336707 ], [ 92.598847407924509, 25.466132311434187 ], [ 92.582230899342377, 25.471628504256842 ], [ 92.582230899342377, 25.471903313897975 ], [ 92.580236918312522, 25.472178123539109 ], [ 92.569270022648311, 25.465033072869655 ], [ 92.56661138127518, 25.46338421502286 ], [ 92.56428507007368, 25.473826981385905 ], [ 92.573590314879667, 25.490590369494999 ], [ 92.642714990581325, 25.534834721717367 ], [ 92.645373631954456, 25.555995064084584 ], [ 92.645705962126101, 25.556269873725718 ], [ 92.658999168991812, 25.571384403988016 ], [ 92.660660819850023, 25.57165921362915 ], [ 92.664981112081378, 25.572483642552548 ], [ 92.68259461117843, 25.576605787169537 ], [ 92.693561506842627, 25.596666890972227 ], [ 92.694226167185917, 25.598040939177888 ], [ 92.694890827529207, 25.597766129536758 ], [ 92.701537430962048, 25.597216510254491 ], [ 92.733773457611377, 25.593369175278635 ], [ 92.740420061044233, 25.595842462048829 ], [ 92.75437792825322, 25.614804327286986 ], [ 92.75437792825322, 25.615079136928117 ], [ 92.75437792825322, 25.615079136928117 ], [ 92.75603957911143, 25.61535394656925 ], [ 92.767338804947272, 25.617827233339444 ], [ 92.75836589031293, 25.628544809343623 ], [ 92.758698220484575, 25.629094428625887 ], [ 92.762021522200996, 25.632117334678348 ], [ 92.788275605760759, 25.658224250585953 ], [ 92.784287643701049, 25.664544872332005 ], [ 92.774650068723417, 25.674163209771653 ], [ 92.777308710096548, 25.676361686900712 ], [ 92.813865028977233, 25.70219379316719 ], [ 92.820843962581733, 25.741216762208033 ], [ 92.820843962581733, 25.741491571849167 ], [ 92.922869325275983, 25.772270251656032 ], [ 92.928518938193918, 25.806896266438752 ], [ 92.944138456261115, 25.803048931462893 ], [ 92.963413606216378, 25.817888652084061 ], [ 92.962416615701457, 25.815415365313868 ], [ 92.956434672611891, 25.803873360386291 ], [ 92.956767002783522, 25.803048931462893 ], [ 92.965739917417878, 25.785461114430401 ], [ 92.967401568276088, 25.781888589095676 ], [ 92.980694775141799, 25.790407687970788 ], [ 92.98335341651493, 25.782987827660207 ], [ 92.98102710531343, 25.808545124285548 ], [ 93.005951868186628, 25.826132941318043 ], [ 93.006284198358273, 25.826407750959174 ], [ 93.005951868186628, 25.825583322035776 ], [ 93.003293226813483, 25.786560352994933 ], [ 93.018580414709049, 25.801125263974964 ], [ 93.057795374962865, 25.774468728785092 ], [ 93.05978935599272, 25.77309468057943 ], [ 93.06444197839572, 25.775293157708489 ] ] ] } },
{ "type": "Feature", "properties": { "dt_code": "316", "district": "Cachar", "st_code": "18", "year": "2011_c", "st_nm": "Assam", "flood_events": 147.0, "fatalities": 2045.0, "injured": 208.0, "displaced": 13.0, "earthquake_events": 0.0, "max_earthquake_magnitude": 0.0, "avg_earthquake_magnitude": 0.0, "population": 1736617.0, "risk_score": 0.42200956937799045, "risk_level": "MEDIUM" }, "geometry": { "type": "Polygon", "coordinates": [ [ [ 92.539360307200482, 25.099261440522017 ], [ 92.598515077752864, 25.110803445449591 ], [ 92.619451878566338, 25.102284346574475 ], [ 92.64304732075297, 25.117673686477907 ], [ 92.664981112081378, 25.109154587602795 ], [ 92.722474231775536, 25.11272711293752 ], [ 92.734770448126312, 25.125917975711889 ], [ 92.730450155894957, 25.142956173462117 ], [ 92.737429089499443, 25.141582125256452 ], [ 92.75304860756664, 25.138284409562861 ], [ 92.777973370439838, 25.088269054876708 ], [ 92.812535708290667, 25.081398813848388 ], [ 92.835798820305641, 25.052543801529456 ], [ 92.897612232231154, 25.079200336719328 ], [ 92.951782050208891, 25.069032379997417 ], [ 92.959093313985022, 25.090192722364637 ], [ 92.977371473425364, 25.085520958465381 ], [ 93.036858574149377, 25.104482823703538 ], [ 93.047160809470299, 25.099261440522017 ], [ 93.043172847410588, 25.088543864517838 ], [ 93.014260122477694, 25.061887329327966 ], [ 93.053142752559864, 25.030833839879971 ], [ 93.061783337022575, 25.00225363720217 ], [ 93.179760547955681, 25.000604779355371 ], [ 93.203023659970654, 24.981642914117213 ], [ 93.203355990142299, 24.981642914117213 ], [ 93.227283762500562, 24.987139106939868 ], [ 93.240909299537904, 24.973948244165499 ], [ 93.244897261597615, 24.970375718830773 ], [ 93.245894252112549, 24.972574195959837 ], [ 93.255199496918536, 24.970375718830773 ], [ 93.262178430523036, 24.968726860983978 ], [ 93.259187458978246, 24.965703954931517 ], [ 93.245561921940904, 24.951139043951482 ], [ 93.24522959176926, 24.950864234310352 ], [ 93.251211534858825, 24.94069627758844 ], [ 93.236589007306549, 24.937398561894849 ], [ 93.248885223657325, 24.914864171321966 ], [ 93.235259686619983, 24.911566455628371 ], [ 93.240576969366259, 24.903322166394393 ], [ 93.225954441813997, 24.89205497110795 ], [ 93.232601045246838, 24.884635110797365 ], [ 93.221301819410996, 24.881612204744908 ], [ 93.226286771985642, 24.872818296228662 ], [ 93.204020650485589, 24.851108334579177 ], [ 93.194715405679588, 24.853856430990504 ], [ 93.201362009112444, 24.842039616421797 ], [ 93.195380066022878, 24.842039616421797 ], [ 93.195380066022878, 24.840390758575001 ], [ 93.200365018597523, 24.838192281445938 ], [ 93.195712396194523, 24.835993804316878 ], [ 93.196709386709443, 24.811535746256066 ], [ 93.191059773791523, 24.806589172715675 ], [ 93.191059773791523, 24.804115885945482 ], [ 93.185077830701957, 24.801642599175288 ], [ 93.17510792555268, 24.797795264199429 ], [ 93.149518502336207, 24.787352497836387 ], [ 93.149186172164562, 24.787902117118652 ], [ 93.13855160667201, 24.810161698050401 ], [ 93.118611796373443, 24.807688411280207 ], [ 93.118944126545088, 24.808238030562471 ], [ 93.120605777403313, 24.815932700514189 ], [ 93.121270437746588, 24.81895560656665 ], [ 93.109306551567457, 24.811535746256066 ], [ 93.099004316246535, 24.75932191444085 ], [ 93.098671986074891, 24.753825721618195 ], [ 93.107644900709246, 24.741459287767224 ], [ 93.107312570537601, 24.74118447812609 ], [ 93.086375769724128, 24.709581369395828 ], [ 93.073414893030062, 24.707932511549032 ], [ 93.090031401612194, 24.677153831742167 ], [ 93.103656938649536, 24.67440573533084 ], [ 93.103989268821181, 24.67413092568971 ], [ 93.09534868435847, 24.652970583322489 ], [ 93.083052468007693, 24.649947677270031 ], [ 93.087040430067404, 24.629886573467342 ], [ 93.075741204231562, 24.624665190285821 ], [ 93.084049458522628, 24.613672804640512 ], [ 93.071420912000207, 24.600481941866143 ], [ 93.078067515433062, 24.596909416531417 ], [ 93.101995287791325, 24.583718553757045 ], [ 93.104321598992826, 24.582619315192517 ], [ 93.091360722298759, 24.575199454881933 ], [ 93.087705090410694, 24.572451358470605 ], [ 93.086708099895759, 24.572451358470605 ], [ 93.084381788694273, 24.571352119906074 ], [ 93.058792365477785, 24.573825406676267 ], [ 93.064774308567351, 24.565855927083419 ], [ 93.070756251656917, 24.558985686055102 ], [ 93.070423921485286, 24.558436066772835 ], [ 93.049819450843444, 24.544420775075068 ], [ 93.050151781015089, 24.519413097731992 ], [ 93.032538281918036, 24.495504658953447 ], [ 93.045499158612088, 24.470771791251501 ], [ 93.046828479298654, 24.468298504481307 ], [ 93.044169837925523, 24.466374836993378 ], [ 93.032870612089667, 24.429550345081594 ], [ 93.032870612089667, 24.428725916158196 ], [ 93.035196923291167, 24.426252629388003 ], [ 93.043172847410588, 24.418283149795151 ], [ 93.042175856895668, 24.417458720871753 ], [ 93.040181875865812, 24.41498543410156 ], [ 93.035196923291167, 24.409764050920039 ], [ 93.028550319858326, 24.408939621996641 ], [ 93.020906725910535, 24.408115193073243 ], [ 93.018248084537404, 24.407840383432109 ], [ 93.01725109402247, 24.409489241278905 ], [ 93.008942839731404, 24.412512147331366 ], [ 93.008942839731404, 24.412512147331366 ], [ 93.006284198358273, 24.409764050920039 ], [ 92.997311283723917, 24.399596094198127 ], [ 92.995317302694062, 24.400145713480395 ], [ 92.974380501880589, 24.408664812355507 ], [ 92.974048171708944, 24.408115193073243 ], [ 92.960090304499957, 24.391901424246413 ], [ 92.959093313985022, 24.393275472452075 ], [ 92.951117389865601, 24.403168619532853 ], [ 92.933836220940194, 24.392451043528677 ], [ 92.932174570081983, 24.393825091734342 ], [ 92.931177579567048, 24.393000662810945 ], [ 92.908911458066996, 24.411687718407968 ], [ 92.904591165835654, 24.397397617069068 ], [ 92.90292951497743, 24.391626614605279 ], [ 92.90292951497743, 24.391076995323015 ], [ 92.898276892574444, 24.393825091734342 ], [ 92.888306987425167, 24.398496855633599 ], [ 92.888306987425167, 24.39657318814567 ], [ 92.883654365022167, 24.402619000250588 ], [ 92.860723583178839, 24.398496855633599 ], [ 92.842777753910141, 24.377611322907512 ], [ 92.826161245328009, 24.376512084342981 ], [ 92.829816877216075, 24.400420523121525 ], [ 92.799242501424956, 24.419107578718553 ], [ 92.760359871342786, 24.514466524191601 ], [ 92.759030550656206, 24.51831385916746 ], [ 92.757368899797996, 24.522161194143319 ], [ 92.779635021298049, 24.568329213853612 ], [ 92.774317738551773, 24.568329213853612 ], [ 92.764347833402496, 24.566955165647951 ], [ 92.762686182544286, 24.568329213853612 ], [ 92.735435108469588, 24.590313985144231 ], [ 92.717156949029246, 24.56173378246643 ], [ 92.668304413797799, 24.590863604426495 ], [ 92.667972083626154, 24.591138414067629 ], [ 92.666310432767943, 24.609825469664653 ], [ 92.696552478387417, 24.615321662487307 ], [ 92.665313442253009, 24.627688096338279 ], [ 92.664981112081378, 24.673581306407442 ], [ 92.650358584529101, 24.684573692052751 ], [ 92.655675867275377, 24.753550911977062 ], [ 92.683591601693351, 24.814558652308524 ], [ 92.646038292297746, 24.815108271590791 ], [ 92.629421783715614, 24.854955669555032 ], [ 92.646370622469391, 24.852757192425972 ], [ 92.612472944961851, 24.860726672018821 ], [ 92.597185757066285, 24.879138917974714 ], [ 92.579904588140877, 24.875291582998855 ], [ 92.580236918312522, 24.872543486587528 ], [ 92.579904588140877, 24.87364272515206 ], [ 92.556309145954259, 24.877490060127915 ], [ 92.526067100334785, 24.861001481659954 ], [ 92.52573477016314, 24.861276291301085 ], [ 92.515100204670588, 24.879413727615844 ], [ 92.490507771969035, 24.874192344434324 ], [ 92.496822045230246, 24.902222927829861 ], [ 92.48386116853618, 24.928604653378599 ], [ 92.4871844702526, 24.947016899334493 ], [ 92.44929883068535, 24.938772610100511 ], [ 92.467244659954048, 24.964055097084721 ], [ 92.418392124722601, 24.966528383854914 ], [ 92.425038728155457, 25.02973460131544 ], [ 92.425703388498732, 25.030009410956573 ], [ 92.442319897080864, 25.045398750860002 ], [ 92.464253688409272, 25.037429271267154 ], [ 92.456942424633141, 25.054192659376252 ], [ 92.471897282357048, 25.067383522150621 ], [ 92.480870196991404, 25.108604968320527 ], [ 92.539360307200482, 25.099261440522017 ] ] ] } },
{ "type": "Feature", "properties": { "dt_code": "317", "district": "Karimganj", "st_code": "18", "year": "2011_c", "st_nm": "Assam", "flood_events": 101.0, "fatalities": 1851.0, "injured": 67.0, "displaced": 0.0, "earthquake_events": 0.0, "max_earthquake_magnitude": 0.0, "avg_earthquake_magnitude": 0.0, "population": 1228686.0, "risk_score": 0.28995215311004785, "risk_level": "LOW" }, "geometry": { "type": "Polygon", "coordinates": [ [ [ 92.515100204670588, 24.879413727615844 ], [ 92.52573477016314, 24.861276291301085 ], [ 92.526067100334785, 24.861001481659954 ], [ 92.556309145954259, 24.877490060127915 ], [ 92.579904588140877, 24.87364272515206 ], [ 92.580236918312522, 24.872543486587528 ], [ 92.586218861402088, 24.861276291301085 ], [ 92.582895559685667, 24.845337332115388 ], [ 92.582563229514022, 24.844238093550857 ], [ 92.582563229514022, 24.843963283909726 ], [ 92.544677589946772, 24.807688411280207 ], [ 92.545009920118417, 24.765642536186903 ], [ 92.525070109819865, 24.751627244489132 ], [ 92.522079138275075, 24.729642473198517 ], [ 92.493498743513811, 24.68319964384709 ], [ 92.506459620207877, 24.663962968967798 ], [ 92.504465639178022, 24.589489556220833 ], [ 92.517094185700444, 24.574100216317401 ], [ 92.505462629692943, 24.534802437635424 ], [ 92.508785931409378, 24.454832832065804 ], [ 92.506127290036233, 24.441916778932566 ], [ 92.501142337461602, 24.416634291948355 ], [ 92.491504762483956, 24.369092224032396 ], [ 92.481202527163049, 24.343534927407056 ], [ 92.469570971155548, 24.315229534370385 ], [ 92.463589028065982, 24.30066462339035 ], [ 92.434676303133088, 24.25889355793818 ], [ 92.432682322103233, 24.256145461526852 ], [ 92.432349991931588, 24.255321032603455 ], [ 92.424041737640522, 24.255046222962321 ], [ 92.266517236281956, 24.250924078345331 ], [ 92.21866169156543, 24.234710309518501 ], [ 92.217332370878864, 24.234435499877367 ], [ 92.192407608005666, 24.243229408393614 ], [ 92.209688776931074, 24.248175981934004 ], [ 92.218994021737075, 24.285824902769185 ], [ 92.259870632849101, 24.358649457669355 ], [ 92.246909756155048, 24.441092350009168 ], [ 92.246577425983403, 24.441916778932566 ], [ 92.229960917401272, 24.451809926013343 ], [ 92.230293247572916, 24.501275661417232 ], [ 92.229960917401272, 24.501825280699499 ], [ 92.228299266543061, 24.502649709622897 ], [ 92.211682757960929, 24.504573377110823 ], [ 92.213676738990785, 24.508695521727816 ], [ 92.231290238087851, 24.546894061845261 ], [ 92.25422101993118, 24.678253070306699 ], [ 92.295762291386495, 24.736512714226834 ], [ 92.278813452632733, 24.745581432384213 ], [ 92.288783357782009, 24.78487921106619 ], [ 92.273496169886442, 24.799444122046225 ], [ 92.273163839714812, 24.827474705441762 ], [ 92.248903737184904, 24.829673182570826 ], [ 92.253224029416259, 24.838192281445938 ], [ 92.241260143237128, 24.842039616421797 ], [ 92.234613539804272, 24.861551100942219 ], [ 92.245912765640114, 24.867596913047137 ], [ 92.246909756155048, 24.884909920438499 ], [ 92.233616549289337, 24.899749641059667 ], [ 92.298753262931285, 24.915688600245364 ], [ 92.339629874043311, 24.878039679410183 ], [ 92.348602788677667, 24.890955732543418 ], [ 92.363225316229943, 24.872268676946394 ], [ 92.37485687223743, 24.87364272515206 ], [ 92.385823767901627, 24.851932763502575 ], [ 92.399781635110614, 24.848635047808983 ], [ 92.406428238543469, 24.859077814172025 ], [ 92.438331935021154, 24.856054908119564 ], [ 92.444646208282364, 24.871993867305264 ], [ 92.475885244416759, 24.867596913047137 ], [ 92.515100204670588, 24.879413727615844 ] ] ] } },
{ "type": "Feature", "properties": { "dt_code": "318", "district": "Hailakandi", "st_code": "18", "year": "2011_c", "st_nm": "Assam", "flood_events": 80.0, "fatalities": 1500.0, "injured": 59.0, "displaced": 0.0, "earthquake_events": 1.0, "max_earthquake_magnitude": 3.0, "avg_earthquake_magnitude": 3.0, "population": 659296.0, "risk_score": 0.3944377990430622, "risk_level": "LOW" }, "geometry": { "type": "Polygon", "coordinates": [ [ [ 92.580236918312522, 24.872543486587528 ], [ 92.579904588140877, 24.875291582998855 ], [ 92.597185757066285, 24.879138917974714 ], [ 92.612472944961851, 24.860726672018821 ], [ 92.646370622469391, 24.852757192425972 ], [ 92.629421783715614, 24.854955669555032 ], [ 92.646038292297746, 24.815108271590791 ], [ 92.683591601693351, 24.814558652308524 ], [ 92.655675867275377, 24.753550911977062 ], [ 92.650358584529101, 24.684573692052751 ], [ 92.664981112081378, 24.673581306407442 ], [ 92.665313442253009, 24.627688096338279 ], [ 92.696552478387417, 24.615321662487307 ], [ 92.666310432767943, 24.609825469664653 ], [ 92.667972083626154, 24.591138414067629 ], [ 92.668304413797799, 24.590863604426495 ], [ 92.717156949029246, 24.56173378246643 ], [ 92.735435108469588, 24.590313985144231 ], [ 92.762686182544286, 24.568329213853612 ], [ 92.764347833402496, 24.566955165647951 ], [ 92.774317738551773, 24.568329213853612 ], [ 92.779635021298049, 24.568329213853612 ], [ 92.757368899797996, 24.522161194143319 ], [ 92.759030550656206, 24.51831385916746 ], [ 92.760359871342786, 24.514466524191601 ], [ 92.689573544782917, 24.353702884128964 ], [ 92.687579563753062, 24.353428074487834 ], [ 92.661657810364943, 24.348206691306309 ], [ 92.661325480193298, 24.348206691306309 ], [ 92.660993150021667, 24.348206691306309 ], [ 92.660660819850023, 24.347657072024045 ], [ 92.646702952641036, 24.329244826068155 ], [ 92.624769161312628, 24.334191399608542 ], [ 92.612472944961851, 24.255870651885719 ], [ 92.555644485610969, 24.24790117229287 ], [ 92.550659533036338, 24.247076743369472 ], [ 92.550659533036338, 24.247076743369472 ], [ 92.529722732222851, 24.177000284880631 ], [ 92.515764865013864, 24.179198762009694 ], [ 92.515432534842219, 24.17892395236856 ], [ 92.501474667633232, 24.160511706412667 ], [ 92.48386116853618, 24.163259802823994 ], [ 92.478876215961549, 24.14237427009791 ], [ 92.464918348752562, 24.136603267634122 ], [ 92.459933396177917, 24.139076554404316 ], [ 92.438664265192799, 24.151717797896421 ], [ 92.436337953991298, 24.153366655743216 ], [ 92.436005623819653, 24.15364146538435 ], [ 92.434011642789798, 24.18084761985649 ], [ 92.433679312618153, 24.183320906626683 ], [ 92.419056785065891, 24.192664434425197 ], [ 92.419056785065891, 24.195687340477654 ], [ 92.422380086782312, 24.250649268704198 ], [ 92.422047756610667, 24.250649268704198 ], [ 92.422380086782312, 24.255046222962321 ], [ 92.424041737640522, 24.255046222962321 ], [ 92.432349991931588, 24.255321032603455 ], [ 92.432682322103233, 24.256145461526852 ], [ 92.434676303133088, 24.25889355793818 ], [ 92.463589028065982, 24.30066462339035 ], [ 92.469570971155548, 24.315229534370385 ], [ 92.481202527163049, 24.343534927407056 ], [ 92.491504762483956, 24.369092224032396 ], [ 92.501142337461602, 24.416634291948355 ], [ 92.506127290036233, 24.441916778932566 ], [ 92.508785931409378, 24.454832832065804 ], [ 92.505462629692943, 24.534802437635424 ], [ 92.517094185700444, 24.574100216317401 ], [ 92.504465639178022, 24.589489556220833 ], [ 92.506459620207877, 24.663962968967798 ], [ 92.493498743513811, 24.68319964384709 ], [ 92.522079138275075, 24.729642473198517 ], [ 92.525070109819865, 24.751627244489132 ], [ 92.545009920118417, 24.765642536186903 ], [ 92.544677589946772, 24.807688411280207 ], [ 92.582563229514022, 24.843963283909726 ], [ 92.582563229514022, 24.844238093550857 ], [ 92.582895559685667, 24.845337332115388 ], [ 92.586218861402088, 24.861276291301085 ], [ 92.580236918312522, 24.872543486587528 ] ] ] } },
{ "type": "Feature", "properties": { "dt_code": "755", "district": "Charaideo", "st_code": "18", "year": "2015_c", "st_nm": "Assam", "flood_events": 33.0, "fatalities": 1369.0, "injured": 49.0, "displaced": 0.0, "earthquake_events": 0.0, "max_earthquake_magnitude": 0.0, "avg_earthquake_magnitude": 0.0, "population": 0.0, "risk_score": 0.094736842105263147, "risk_level": "LOW" }, "geometry": { "type": "Polygon", "coordinates": [ [ [ 94.835429463078853, 27.092180958016449 ], [ 94.837091113937078, 27.097402341197974 ], [ 94.891593262086445, 27.162257416505291 ], [ 94.968693861907525, 27.224364395401285 ], [ 94.984313379974722, 27.168578038251344 ], [ 94.978331436885156, 27.14796731516639 ], [ 95.04878543327338, 27.155387175476974 ], [ 95.065069611683853, 27.135600881315419 ], [ 95.112592826228749, 27.136425310238817 ], [ 95.11525146760188, 27.127081782440307 ], [ 95.116248458116814, 27.136150500597687 ], [ 95.123892052064591, 27.130104688492764 ], [ 95.135855938243722, 27.13862378736788 ], [ 95.15313710716913, 27.124058876387846 ], [ 95.154134097684064, 27.136150500597687 ], [ 95.162110021803485, 27.127906211363705 ], [ 95.170418276094551, 27.144944409113933 ], [ 95.180055851072183, 27.141921503061472 ], [ 95.183379152788604, 27.163081845428692 ], [ 95.194678378624459, 27.155112365835841 ], [ 95.19501070879609, 27.155112365835841 ], [ 95.212956538064788, 27.165829941840016 ], [ 95.210962557034932, 27.174074231073998 ], [ 95.219935471669288, 27.165005512916618 ], [ 95.237548970766341, 27.169677276815875 ], [ 95.237548970766341, 27.169952086457009 ], [ 95.236884310423051, 27.189738380618564 ], [ 95.237216640594696, 27.189738380618564 ], [ 95.254497809520117, 27.193036096312156 ], [ 95.257821111236538, 27.183967378154776 ], [ 95.269452667244025, 27.190013190259698 ], [ 95.284075194796301, 27.197433050570279 ], [ 95.286401505997802, 27.196333812005747 ], [ 95.31398491024413, 27.183692568513646 ], [ 95.327942777453117, 27.186165855283839 ], [ 95.337248022259104, 27.183692568513646 ], [ 95.356190842042736, 27.168303228610213 ], [ 95.358184823072591, 27.165829941840016 ], [ 95.368487058393512, 27.109768775048945 ], [ 95.291718788744078, 27.066623661391109 ], [ 95.261144412952959, 27.032822075531783 ], [ 95.258818101751473, 27.030348788761589 ], [ 95.246189555229051, 27.024028167015537 ], [ 95.23189935784842, 27.042715222612564 ], [ 95.210630226863302, 27.028699930914794 ], [ 95.195343038967735, 27.035020552660846 ], [ 95.19334905793788, 27.035844981584244 ], [ 95.19334905793788, 27.035844981584244 ], [ 95.19334905793788, 27.035844981584244 ], [ 95.111928165885459, 26.980883053357701 ], [ 95.101625930564538, 26.961921188119543 ], [ 95.016549406624051, 26.921249361231904 ], [ 94.982651729116512, 26.913005071997922 ], [ 94.961050267959735, 26.937188320417601 ], [ 94.958723956758249, 26.936913510776467 ], [ 94.930808222340275, 26.932791366159478 ], [ 94.924161618907419, 26.94845551570404 ], [ 94.941775118004472, 26.95944790134935 ], [ 94.939116476631327, 26.987203675103753 ], [ 94.926487930108919, 26.993249487208672 ], [ 94.900566176720801, 26.983631149769028 ], [ 94.909871421526788, 26.969615858071261 ], [ 94.848058009601274, 26.929218840824753 ], [ 94.756667212399577, 26.922623409437566 ], [ 94.733736430556235, 26.932516556518344 ], [ 94.787241588190682, 26.996822012543401 ], [ 94.809507709690735, 26.991600629361876 ], [ 94.805852077802669, 26.997646441466799 ], [ 94.829779850160932, 27.016333497063822 ], [ 94.824794897586301, 27.057005323951465 ], [ 94.836758783765433, 27.091906148375319 ], [ 94.835429463078853, 27.092180958016449 ] ] ] } },
{ "type": "Feature", "properties": { "dt_code": "760", "district": "Majuli", "st_code": "18", "year": "2016_c", "st_nm": "Assam", "flood_events": 70.0, "fatalities": 1476.0, "injured": 49.0, "displaced": 0.0, "earthquake_events": 0.0, "max_earthquake_magnitude": 0.0, "avg_earthquake_magnitude": 0.0, "population": 0.0, "risk_score": 0.20095693779904308, "risk_level": "LOW" }, "geometry": { "type": "Polygon", "coordinates": [ [ [ 94.563915712846892, 27.181219281743449 ], [ 94.592828437779801, 27.145768838037331 ], [ 94.544308232719985, 27.07679161811302 ], [ 94.501769970749734, 27.039967126201237 ], [ 94.475515887189971, 27.030898408043857 ], [ 94.460228699294419, 26.995447964337735 ], [ 94.39542431582413, 26.955050947091227 ], [ 94.39542431582413, 26.954776137450093 ], [ 94.39542431582413, 26.954776137450093 ], [ 94.39708596668234, 26.950928802474238 ], [ 94.379804797756918, 26.927569982977957 ], [ 94.372825864152432, 26.917951645538309 ], [ 94.367176251234511, 26.913005071997922 ], [ 94.32131468754784, 26.880302724703128 ], [ 94.312009442741839, 26.878379057215199 ], [ 94.304698178965708, 26.909432546663197 ], [ 94.253519332532761, 26.908333308098666 ], [ 94.2093194197043, 26.926470744413425 ], [ 94.192702911122169, 26.912180643074525 ], [ 94.128563187995155, 26.892394348912969 ], [ 93.999619081397853, 26.866837052287625 ], [ 93.998289760711273, 26.871783625828016 ], [ 93.97336499783809, 26.873432483674812 ], [ 93.956748489255958, 26.892119539271835 ], [ 93.967383054748524, 26.906959259893004 ], [ 93.963062762517168, 26.924272267284362 ], [ 93.973697328009735, 26.922623409437566 ], [ 93.97569130903959, 26.924272267284362 ], [ 93.996628109853063, 26.942134893957991 ], [ 94.021885202897892, 26.93224174687721 ], [ 94.022882193412826, 26.93196693723608 ], [ 94.022882193412826, 26.932516556518344 ], [ 94.024211514099392, 26.951203612115368 ], [ 94.024211514099392, 26.955875376014625 ], [ 94.025873164957602, 26.95752423386142 ], [ 94.059770842465156, 26.98280672084563 ], [ 94.060103172636786, 26.98280672084563 ], [ 94.080042982935339, 26.959997520631617 ], [ 94.083033954480129, 26.960272330272748 ], [ 94.134212800913076, 26.969066238788997 ], [ 94.133880470741431, 26.988302913668285 ], [ 94.185723977517682, 27.003417443930584 ], [ 94.189047279234103, 27.004516682495115 ], [ 94.187385628375893, 27.03529536230198 ], [ 94.223941947256563, 27.031997646608385 ], [ 94.234244182577484, 27.071570234931496 ], [ 94.254848653219327, 27.088333623040594 ], [ 94.27877642557759, 27.094929054427777 ], [ 94.312009442741839, 27.071020615649232 ], [ 94.322644008234406, 27.087784003758326 ], [ 94.339592846988182, 27.082013001294541 ], [ 94.369834892607642, 27.098776389403636 ], [ 94.418687427839103, 27.093005386939851 ], [ 94.433974615734655, 27.119112302847455 ], [ 94.467872293242195, 27.113616110024804 ], [ 94.479503849249681, 27.13889859700901 ], [ 94.507087253496024, 27.121585589617652 ], [ 94.51074288538409, 27.142196312702605 ], [ 94.533341337055788, 27.14769250552526 ], [ 94.526694733622932, 27.161982606864161 ], [ 94.530682695682643, 27.164455893634354 ], [ 94.563915712846892, 27.181219281743449 ] ] ] } },
{ "type": "Feature", "properties": { "dt_code": "756", "district": "Biswanath", "st_code": "18", "year": "2015_c", "st_nm": "Assam", "flood_events": 82.0, "fatalities": 1501.0, "injured": 49.0, "displaced": 0.0, "earthquake_events": 0.0, "max_earthquake_magnitude": 0.0, "avg_earthquake_magnitude": 0.0, "population": 0.0, "risk_score": 0.23540669856459329, "risk_level": "LOW" }, "geometry": { "type": "Polygon", "coordinates": [ [ [ 93.697530955374773, 26.994348725773204 ], [ 93.697863285546418, 26.994073916132074 ], [ 93.744057179404734, 26.958073853143688 ], [ 93.749042131979365, 26.91382950092132 ], [ 93.739404557001734, 26.898440161017888 ], [ 93.780613498285405, 26.885798917525783 ], [ 93.782275149143615, 26.881127153626526 ], [ 93.788921752576471, 26.860241620900442 ], [ 93.789254082748116, 26.859142382335911 ], [ 93.769978932792853, 26.84485228099701 ], [ 93.751036113009221, 26.803630834827104 ], [ 93.712485813098681, 26.815997268678075 ], [ 93.689222701083708, 26.797585022722181 ], [ 93.670279881300075, 26.800882738415776 ], [ 93.648678420143312, 26.787966685282537 ], [ 93.649343080486602, 26.757462815116806 ], [ 93.67061221147172, 26.712119224329911 ], [ 93.651004731344813, 26.706073412224988 ], [ 93.574901122038668, 26.719264274999361 ], [ 93.537680142814708, 26.75059257408849 ], [ 93.504114795478813, 26.756913195834542 ], [ 93.396439819866615, 26.75059257408849 ], [ 93.384808263859128, 26.746745239112631 ], [ 93.356560199269509, 26.737676520955251 ], [ 93.352572237209799, 26.736302472749585 ], [ 93.351242916523233, 26.734928424543924 ], [ 93.330970776053036, 26.708821508636316 ], [ 93.304052032149997, 26.700302409761203 ], [ 93.305713683008207, 26.698378742273274 ], [ 93.297073098545496, 26.694806216938549 ], [ 93.241573959881194, 26.683813831293239 ], [ 93.219972498724431, 26.631050380195759 ], [ 93.152841804052628, 26.598622842542099 ], [ 93.144201219589931, 26.594500697925106 ], [ 93.123264418776444, 26.659630582873561 ], [ 93.103656938649536, 26.695355836220813 ], [ 93.084049458522628, 26.701676457966865 ], [ 93.087372760239049, 26.712394033971041 ], [ 93.068097610283786, 26.746745239112631 ], [ 93.074411883544997, 26.768180391120982 ], [ 93.057795374962865, 26.803081215544836 ], [ 93.064109648224075, 26.822317890424127 ], [ 93.043172847410588, 26.850898093101929 ], [ 93.061118676679285, 26.87233324511028 ], [ 93.061783337022575, 26.922073790155302 ], [ 93.061783337022575, 26.922073790155302 ], [ 93.088037420582339, 26.914379120203584 ], [ 93.107312570537601, 26.925921125131161 ], [ 93.286770863224575, 26.954226518167829 ], [ 93.372179717336721, 26.956699804938022 ], [ 93.39843380089647, 26.95724942422029 ], [ 93.39843380089647, 26.95724942422029 ], [ 93.448615656814496, 26.950928802474238 ], [ 93.469220127456339, 26.937463130058735 ], [ 93.470549448142904, 26.936638701135337 ], [ 93.473872749859339, 26.937188320417601 ], [ 93.661306966665734, 26.967967000224466 ], [ 93.664962598553799, 26.96851661950673 ], [ 93.676594154561286, 26.978959385869771 ], [ 93.697530955374773, 26.994348725773204 ] ] ] } },
{ "type": "Feature", "properties": { "dt_code": "757", "district": "Hojai", "st_code": "18", "year": "2015_c", "st_nm": "Assam", "flood_events": 72.0, "fatalities": 1382.0, "injured": 49.0, "displaced": 5.0, "earthquake_events": 0.0, "max_earthquake_magnitude": 0.0, "avg_earthquake_magnitude": 0.0, "population": 0.0, "risk_score": 0.20669856459330144, "risk_level": "LOW" }, "geometry": { "type": "Polygon", "coordinates": [ [ [ 92.753380937738285, 26.054774562740459 ], [ 92.75670423945472, 26.061644803768775 ], [ 92.758033560141286, 26.061644803768775 ], [ 92.757368899797996, 26.063018851974441 ], [ 92.75271627739501, 26.072087570131821 ], [ 92.751054626536785, 26.075385285825412 ], [ 92.750722296365154, 26.075385285825412 ], [ 92.732444136924812, 26.071263141208423 ], [ 92.739090740357653, 26.085828052188454 ], [ 92.729785495551667, 26.089400577523183 ], [ 92.741084721387509, 26.100942582450756 ], [ 92.723138892118811, 26.100942582450756 ], [ 92.732111806753167, 26.115232683789657 ], [ 92.703863742163549, 26.125125830870434 ], [ 92.705857723193404, 26.142164028620662 ], [ 92.722474231775536, 26.150957937136909 ], [ 92.75138695670843, 26.141889218979529 ], [ 92.751719286880075, 26.142164028620662 ], [ 92.761689192029351, 26.157003749241827 ], [ 92.75603957911143, 26.179263330173576 ], [ 92.778305700611483, 26.186958000125294 ], [ 92.776311719581628, 26.199599243617399 ], [ 92.801901142798101, 26.201797720746463 ], [ 92.801901142798101, 26.201797720746463 ], [ 92.804559784171246, 26.201797720746463 ], [ 92.939485833858114, 26.202622149669857 ], [ 92.956102342440246, 26.174316756633189 ], [ 92.931177579567048, 26.151232746778042 ], [ 92.934168551111838, 26.136667835798008 ], [ 92.954773021753681, 26.140789980414997 ], [ 93.035861583634457, 26.10863725240247 ], [ 93.039849545694167, 26.087476910035253 ], [ 93.05580139393301, 26.088301338958651 ], [ 93.059457025821075, 26.079782240083535 ], [ 93.108309561052536, 26.078133382236739 ], [ 93.093354703328615, 26.033064601090974 ], [ 93.127252380836154, 26.031140933603044 ], [ 93.158159086798918, 25.995415680255793 ], [ 93.158491416970563, 25.96161409439647 ], [ 93.17344627469447, 25.95254537623909 ], [ 93.183083849672101, 25.903354450476336 ], [ 93.240244639194628, 25.847018474044127 ], [ 93.241573959881194, 25.841522281221472 ], [ 93.245894252112549, 25.805247408591956 ], [ 93.24689124262747, 25.786835162636063 ], [ 93.226951432328917, 25.765400010627712 ], [ 93.226619102157272, 25.726651851227999 ], [ 93.142539568731721, 25.718407561994017 ], [ 93.148521511821286, 25.734071711538583 ], [ 93.145530540276496, 25.735995379026512 ], [ 93.146195200619786, 25.738468665796706 ], [ 93.125923060149589, 25.748636622518617 ], [ 93.129578692037654, 25.761003056369589 ], [ 93.098671986074891, 25.776942015555285 ], [ 93.098671986074891, 25.776942015555285 ], [ 93.09833965590326, 25.776942015555285 ], [ 93.068097610283786, 25.767323678115641 ], [ 93.068097610283786, 25.767598487756775 ], [ 93.06444197839572, 25.775293157708489 ], [ 93.073747223201707, 25.779140492684348 ], [ 93.071420912000207, 25.780789350531144 ], [ 93.030876631059812, 25.811018411055741 ], [ 93.028550319858326, 25.81266726890254 ], [ 92.98235642600001, 25.875323867080798 ], [ 92.86803484695497, 25.868453626052478 ], [ 92.847762706484772, 25.9039040697586 ], [ 92.853744649574338, 25.923690363920155 ], [ 92.854076979745983, 25.924789602484687 ], [ 92.83413716944743, 25.913522407198244 ], [ 92.817852991036943, 25.923965173561289 ], [ 92.816523670350378, 25.923415554279021 ], [ 92.808215416059312, 25.920942267508828 ], [ 92.801236482454811, 25.918743790379764 ], [ 92.78993725661897, 25.93825527490019 ], [ 92.794257548850325, 25.956392711214949 ], [ 92.800239491939891, 25.956942330497213 ], [ 92.806886095372732, 25.95666752085608 ], [ 92.805224444514522, 25.957766759420611 ], [ 92.794257548850325, 25.964637000448928 ], [ 92.775647059238338, 25.948423231622098 ], [ 92.762686182544286, 25.960514855831939 ], [ 92.769665116148772, 25.975629386094237 ], [ 92.762021522200996, 25.984148484969353 ], [ 92.770662106663707, 25.98909505850974 ], [ 92.759362880827851, 25.991293535638803 ], [ 92.778970360954759, 25.99596529953806 ], [ 92.757036569626351, 26.002560730925243 ], [ 92.782625992842839, 26.009980591235827 ], [ 92.781961332499549, 26.009980591235827 ], [ 92.759030550656206, 26.014102735852816 ], [ 92.759030550656206, 26.01437754549395 ], [ 92.765344823917417, 26.028667646832851 ], [ 92.765012493745772, 26.028942456473985 ], [ 92.765012493745772, 26.029217266115118 ], [ 92.746402004133799, 26.039385222837026 ], [ 92.755042588596496, 26.053950133817061 ], [ 92.753380937738285, 26.054774562740459 ] ] ] } },
{ "type": "Feature", "properties": { "dt_code": "758", "district": "South Salmara Mankachar", "st_code": "18", "year": "2015_c", "st_nm": "Assam", "flood_events": 46.0, "fatalities": 1255.0, "injured": 49.0, "displaced": 0.0, "earthquake_events": 0.0, "max_earthquake_magnitude": 0.0, "avg_earthquake_magnitude": 0.0, "population": 0.0, "risk_score": 0.1320574162679426, "risk_level": "LOW" }, "geometry": { "type": "Polygon", "coordinates": [ [ [ 89.843165624664493, 25.883018537032513 ], [ 89.876398641828743, 25.879171202056654 ], [ 89.898000102985506, 25.900331544423874 ], [ 89.930236129634835, 25.906377356528793 ], [ 89.937215063239336, 25.924789602484687 ], [ 89.948846619246822, 25.925064412125817 ], [ 89.945190987358757, 25.950072089468897 ], [ 89.972109731261796, 25.975354576453107 ], [ 90.019300615635046, 26.002285921284113 ], [ 90.056189264687362, 26.000637063437313 ], [ 90.082443348247125, 26.040484461401558 ], [ 90.131628213650217, 26.054224943458195 ], [ 90.141598118799493, 26.053125704893663 ], [ 90.178486767851822, 26.048179131353272 ], [ 90.170843173904046, 26.044056986736283 ], [ 90.19742958763544, 26.025919550421523 ], [ 90.183471720426454, 26.008881352671295 ], [ 90.187459682486164, 26.001461492360711 ], [ 90.142262779142783, 25.982499627122557 ], [ 90.128969572277086, 25.966560667936857 ], [ 90.119664327471085, 25.969583573989318 ], [ 90.119664327471085, 25.969033954707051 ], [ 90.116673355926309, 25.959415617267407 ], [ 90.12232296884423, 25.958865997985143 ], [ 90.116673355926309, 25.957217140138347 ], [ 90.105706460262098, 25.948698041263231 ], [ 90.092080923224756, 25.93825527490019 ], [ 90.086098980135191, 25.919568219303166 ], [ 90.060509556918717, 25.913522407198244 ], [ 90.04256372765002, 25.887690300931769 ], [ 90.025282558724612, 25.895659780524618 ], [ 90.020629936321612, 25.891812445548759 ], [ 90.012321682030546, 25.885217014161576 ], [ 90.00800138979919, 25.881644488826851 ], [ 90.008333719970835, 25.881369679185717 ], [ 90.018303625120112, 25.872300961028337 ], [ 90.022623917351467, 25.868178816411348 ], [ 90.022623917351467, 25.865705529641154 ], [ 90.015312653575336, 25.855812382560373 ], [ 90.003681097567835, 25.839323804092412 ], [ 89.971112740746875, 25.826407750959174 ], [ 89.96380147697073, 25.833277991987494 ], [ 89.961807495940874, 25.820361938854255 ], [ 89.954163901993098, 25.821461177418787 ], [ 89.957487203709519, 25.829155847370501 ], [ 89.948181958903533, 25.825583322035776 ], [ 89.959148854567744, 25.779964921607746 ], [ 89.93522108220948, 25.754682434623536 ], [ 89.937215063239336, 25.745338906825026 ], [ 89.935885742552756, 25.744514477901625 ], [ 89.924586516716914, 25.73874347543784 ], [ 89.914284281395993, 25.740667142925769 ], [ 89.894676801269085, 25.745064097183892 ], [ 89.89500913144073, 25.744239668260494 ], [ 89.89500913144073, 25.743415239337097 ], [ 89.898997093500441, 25.726377041586868 ], [ 89.913951951224348, 25.710987701683436 ], [ 89.944193996843822, 25.679384592953173 ], [ 89.949178949418467, 25.657125012021424 ], [ 89.950175939933388, 25.656300583098027 ], [ 89.983076626926007, 25.626895951496824 ], [ 90.00401342773948, 25.626895951496824 ], [ 90.017638964776822, 25.607934086258666 ], [ 90.019965275978322, 25.607384466976402 ], [ 90.003016437224559, 25.585399695685787 ], [ 89.983076626926007, 25.590895888508438 ], [ 89.982744296754362, 25.590895888508438 ], [ 89.972109731261796, 25.57358288111708 ], [ 89.877727962515308, 25.549399632697401 ], [ 89.877063302172033, 25.549124823056268 ], [ 89.867758057366032, 25.524391955354321 ], [ 89.883377575433244, 25.519170572172801 ], [ 89.886036216806374, 25.507903376886361 ], [ 89.872743009940677, 25.507628567245227 ], [ 89.871746019425743, 25.47739950672063 ], [ 89.851141548783914, 25.466407121075321 ], [ 89.860114463418256, 25.517521714326005 ], [ 89.851473878955545, 25.538956866334356 ], [ 89.866096406507822, 25.546101917003806 ], [ 89.882380584918309, 25.61727761405718 ], [ 89.870749028910822, 25.662621204844079 ], [ 89.846488926380914, 25.695873171421137 ], [ 89.84947989792569, 25.715109846300425 ], [ 89.834857370373427, 25.715934275223823 ], [ 89.826881446254006, 25.732972472974051 ], [ 89.841171643634638, 25.760728246728455 ], [ 89.827546106597282, 25.807995505003284 ], [ 89.81691154110473, 25.8148657460316 ], [ 89.835189700545072, 25.840423042656944 ], [ 89.833195719515217, 25.871201722463805 ], [ 89.843165624664493, 25.883018537032513 ] ] ] } },
{ "type": "Feature", "properties": { "dt_code": "314", "district": "Karbi Anglong", "st_code": "18", "year": "2011_c", "st_nm": "Assam", "flood_events": 69.0, "fatalities": 1614.0, "injured": 60.0, "displaced": 1.0, "earthquake_events": 4.0, "max_earthquake_magnitude": 3.3, "avg_earthquake_magnitude": 2.8, "population": 956313.0, "risk_score": 0.5605861244019138, "risk_level": "MEDIUM" }, "geometry": { "type": "Polygon", "coordinates": [ [ [ 93.297405428717141, 26.574714403763551 ], [ 93.325985823478405, 26.584882360485462 ], [ 93.402754093127825, 26.580210596586205 ], [ 93.397436810381549, 26.571416688069959 ], [ 93.408736036217391, 26.569218210940896 ], [ 93.456923911105562, 26.576088451969216 ], [ 93.464567505053338, 26.585981599049994 ], [ 93.455262260247352, 26.571966307352227 ], [ 93.463570514538418, 26.569218210940896 ], [ 93.491486248956392, 26.587080837614526 ], [ 93.469884787799629, 26.591477791872649 ], [ 93.47786071191905, 26.603019796800222 ], [ 93.495474211016102, 26.61098927639307 ], [ 93.509432078225089, 26.593401459360578 ], [ 93.523722275605721, 26.593676269001708 ], [ 93.553299660881905, 26.612638134239866 ], [ 93.586200347874524, 26.603569416082486 ], [ 93.589855979762589, 26.570592259146562 ], [ 93.610792780576062, 26.577462500174878 ], [ 93.616774723665628, 26.565920495247305 ], [ 93.63172958138955, 26.595325126848508 ], [ 93.632061911561195, 26.595874746130772 ], [ 93.633058902076115, 26.596149555771902 ], [ 93.647016769285102, 26.598348032900965 ], [ 93.701186587262839, 26.607416751058345 ], [ 93.70816552086734, 26.604119035364754 ], [ 93.722455718247957, 26.598073223259831 ], [ 93.752033103524155, 26.585157170126596 ], [ 93.752033103524155, 26.584882360485462 ], [ 93.752365433695786, 26.584882360485462 ], [ 93.742063198374865, 26.561523540989182 ], [ 93.731760963053958, 26.537889911851767 ], [ 93.756021065583866, 26.529096003335521 ], [ 93.751368443180866, 26.518378427331346 ], [ 93.794571365494392, 26.440057679608522 ], [ 93.782939809486905, 26.43868363140286 ], [ 93.793906705151116, 26.428515674680948 ], [ 93.781942818971984, 26.416424050471111 ], [ 93.799223987897392, 26.408729380519393 ], [ 93.774963885367484, 26.383996512817451 ], [ 93.793906705151116, 26.375752223583468 ], [ 93.826807392143721, 26.417798098676773 ], [ 93.865690022225905, 26.388943086357838 ], [ 93.883968181666233, 26.391965992410299 ], [ 93.880977210121458, 26.372454507889877 ], [ 93.894270416987155, 26.37190488860761 ], [ 93.885962162696103, 26.354317071575117 ], [ 93.888953134240879, 26.346072782341135 ], [ 93.881974200636392, 26.345523163058871 ], [ 93.881641870464748, 26.344973543776604 ], [ 93.893938086815524, 26.315568912175404 ], [ 93.885297502352813, 26.318591818227866 ], [ 93.884965172181168, 26.310622338635014 ], [ 93.873665946345326, 26.309797909711616 ], [ 93.882306530808023, 26.304301716888961 ], [ 93.884965172181168, 26.302652859042166 ], [ 93.868680993770681, 26.294408569808184 ], [ 93.880977210121458, 26.2735230370821 ], [ 93.870674974800536, 26.27544670457003 ], [ 93.864693031710971, 26.245767263327693 ], [ 93.847744192957208, 26.24137030906957 ], [ 93.864693031710971, 26.235324496964651 ], [ 93.851399824845274, 26.215538202803096 ], [ 93.840432929181063, 26.217736679932159 ], [ 93.838106617979562, 26.194377860435878 ], [ 93.829133703345221, 26.196301527923808 ], [ 93.835115646434787, 26.175965614479985 ], [ 93.821490109397445, 26.17239308914526 ], [ 93.831127684375076, 26.136942645439142 ], [ 93.81816680768101, 26.136942645439142 ], [ 93.828136712830286, 26.127599117640628 ], [ 93.806535251673523, 26.102591440297552 ], [ 93.814178845621299, 26.090774625728844 ], [ 93.804873600815313, 26.093522722140172 ], [ 93.805870591330248, 26.071263141208423 ], [ 93.796565346524247, 26.071263141208423 ], [ 93.805205930986958, 26.064667709821236 ], [ 93.794571365494392, 26.061369994127645 ], [ 93.797230006867537, 26.052301275970265 ], [ 93.786927771546615, 26.054224943458195 ], [ 93.794903695666036, 26.04158369996609 ], [ 93.779948837942129, 26.03966003247816 ], [ 93.799556318069037, 26.031415743244178 ], [ 93.781278158628695, 26.007782114106764 ], [ 93.800885638755602, 26.002011111642979 ], [ 93.794903695666036, 25.992667583844465 ], [ 93.798226997382457, 25.988270629586342 ], [ 93.803544280128747, 25.980850769275758 ], [ 93.804208940472023, 25.98002634035236 ], [ 93.780613498285405, 25.981400388558026 ], [ 93.776625536225694, 25.968759145065921 ], [ 93.775628545710774, 25.968759145065921 ], [ 93.775628545710774, 25.968484335424787 ], [ 93.773302234509273, 25.968759145065921 ], [ 93.765326310389852, 25.969033954707051 ], [ 93.767984951762998, 25.951171328033425 ], [ 93.767320291419708, 25.950896518392295 ], [ 93.767320291419708, 25.950621708751161 ], [ 93.756353395755497, 25.946774373775302 ], [ 93.7453865000913, 25.942652229158313 ], [ 93.751368443180866, 25.933033891718669 ], [ 93.681579107135931, 25.904453689040864 ], [ 93.701851247606129, 25.851690237943384 ], [ 93.714147463956891, 25.844545187273933 ], [ 93.688225710568773, 25.845919235479599 ], [ 93.66828590027022, 25.822010796701051 ], [ 93.646019778770182, 25.822560415983318 ], [ 93.624750647785049, 25.802774121821763 ], [ 93.617439384008918, 25.776117586631887 ], [ 93.577559763411813, 25.754682434623536 ], [ 93.567922188434181, 25.758529769599395 ], [ 93.561275585001326, 25.737919046514442 ], [ 93.542332765217694, 25.731048805486122 ], [ 93.541003444531128, 25.698896077473595 ], [ 93.527377907493786, 25.691201407521881 ], [ 93.522392954919141, 25.697796838909063 ], [ 93.51275537994151, 25.67498763869505 ], [ 93.502785474792233, 25.665094491614273 ], [ 93.496471201531023, 25.654651725251227 ], [ 93.490156928269826, 25.652453248122168 ], [ 93.457256241277207, 25.641186052835724 ], [ 93.460579542993628, 25.632666953960612 ], [ 93.460911873165273, 25.632392144319478 ], [ 93.444295364583155, 25.639812004630063 ], [ 93.426349535314444, 25.632117334678348 ], [ 93.358554180299365, 25.554621015878922 ], [ 93.340940681202312, 25.558193541213647 ], [ 93.337285049314247, 25.554895825520052 ], [ 93.328976795023181, 25.543079010951349 ], [ 93.327647474336615, 25.54143015310455 ], [ 93.321665531247049, 25.533185863870571 ], [ 93.302390381291787, 25.530437767459244 ], [ 93.301725720948497, 25.530437767459244 ], [ 93.301393390776852, 25.530437767459244 ], [ 93.29242047614251, 25.544453059157011 ], [ 93.270486684814102, 25.531262196382642 ], [ 93.270154354642457, 25.531262196382642 ], [ 93.258522798634971, 25.548850013415134 ], [ 93.208673272888575, 25.543628630233613 ], [ 93.208340942716944, 25.544178249515877 ], [ 93.17643724623926, 25.592819555996368 ], [ 93.179428217784036, 25.619476091186243 ], [ 93.191724434134812, 25.631842525037214 ], [ 93.17809889709747, 25.639812004630063 ], [ 93.170787633321325, 25.661796775920678 ], [ 93.142871898903351, 25.66097234699728 ], [ 93.142539568731721, 25.66097234699728 ], [ 93.141874908388431, 25.661796775920678 ], [ 93.13556063512722, 25.67691130618298 ], [ 93.13157267306751, 25.686529643622624 ], [ 93.1345636446123, 25.695598361780004 ], [ 93.142539568731721, 25.718407561994017 ], [ 93.226619102157272, 25.726651851227999 ], [ 93.226951432328917, 25.765400010627712 ], [ 93.24689124262747, 25.786835162636063 ], [ 93.245894252112549, 25.805247408591956 ], [ 93.241573959881194, 25.841522281221472 ], [ 93.240244639194628, 25.847018474044127 ], [ 93.183083849672101, 25.903354450476336 ], [ 93.17344627469447, 25.95254537623909 ], [ 93.158491416970563, 25.96161409439647 ], [ 93.158159086798918, 25.995415680255793 ], [ 93.127252380836154, 26.031140933603044 ], [ 93.093354703328615, 26.033064601090974 ], [ 93.108309561052536, 26.078133382236739 ], [ 93.059457025821075, 26.079782240083535 ], [ 93.05580139393301, 26.088301338958651 ], [ 93.039849545694167, 26.087476910035253 ], [ 93.035861583634457, 26.10863725240247 ], [ 92.954773021753681, 26.140789980414997 ], [ 92.934168551111838, 26.136667835798008 ], [ 92.931177579567048, 26.151232746778042 ], [ 92.956102342440246, 26.174316756633189 ], [ 92.939485833858114, 26.202622149669857 ], [ 92.804559784171246, 26.201797720746463 ], [ 92.801901142798101, 26.201797720746463 ], [ 92.801236482454811, 26.201797720746463 ], [ 92.793592888507035, 26.219385537778955 ], [ 92.815194349663798, 26.2138893449563 ], [ 92.82715823584293, 26.225156540242743 ], [ 92.815194349663798, 26.232851210194458 ], [ 92.813865028977233, 26.262530651436791 ], [ 92.841448433223562, 26.283690993804008 ], [ 92.844107074596707, 26.305126145812359 ], [ 92.879666402962457, 26.283690993804008 ], [ 92.892294949484878, 26.288362757703265 ], [ 92.898609222746089, 26.308973480788218 ], [ 92.942809135574549, 26.330408632796569 ], [ 92.939485833858114, 26.352943023369452 ], [ 92.909576118410286, 26.352943023369452 ], [ 92.909243788238641, 26.352943023369452 ], [ 92.925860296820773, 26.37904993927706 ], [ 92.903261845149075, 26.385370561023112 ], [ 92.895618251201299, 26.37904993927706 ], [ 92.889968638283378, 26.374103365736673 ], [ 92.898276892574444, 26.38619498994651 ], [ 92.896282911544589, 26.385920180305376 ], [ 92.881992714163957, 26.379874368200458 ], [ 92.885648346052022, 26.383996512817451 ], [ 92.901932524462509, 26.401309520208809 ], [ 92.920543014074497, 26.391691182769165 ], [ 92.938156513171549, 26.403782806979006 ], [ 92.949788069179036, 26.397462185232953 ], [ 92.978700794111944, 26.4205461950881 ], [ 93.019245075052325, 26.4205461950881 ], [ 93.043505177582233, 26.437309583197194 ], [ 93.056133724104654, 26.428240865039815 ], [ 93.049487120671799, 26.416149240829977 ], [ 93.061118676679285, 26.415874431188843 ], [ 93.091693052470404, 26.433462248221339 ], [ 93.068762270627062, 26.435385915709269 ], [ 93.09933664641818, 26.44582868207231 ], [ 93.09933664641818, 26.439233250685124 ], [ 93.117614805858523, 26.441706537455318 ], [ 93.103989268821181, 26.448851588124768 ], [ 93.128249371351089, 26.46396611838707 ], [ 93.110303542082391, 26.47111116905652 ], [ 93.13622529547051, 26.484302031830889 ], [ 93.127252380836154, 26.4801798872139 ], [ 93.132901993754075, 26.48952341501241 ], [ 93.125258399806299, 26.495844036758463 ], [ 93.124593739463023, 26.482927983625224 ], [ 93.09833965590326, 26.47303483654445 ], [ 93.108309561052536, 26.466989024439528 ], [ 93.10232761796297, 26.460118783411211 ], [ 93.06444197839572, 26.479355458290499 ], [ 93.090363731783839, 26.499966181375456 ], [ 93.008610509559773, 26.481004316137298 ], [ 93.012598471619484, 26.506836422403772 ], [ 93.012930801791114, 26.507386041686036 ], [ 93.048157799985233, 26.52579828764193 ], [ 93.043172847410588, 26.53514181544044 ], [ 93.043172847410588, 26.53514181544044 ], [ 93.043505177582233, 26.53514181544044 ], [ 93.05978935599272, 26.544760152880087 ], [ 93.084049458522628, 26.543660914315556 ], [ 93.091693052470404, 26.543111295033292 ], [ 93.101330627448036, 26.542836485392158 ], [ 93.111965192940602, 26.532668528670246 ], [ 93.114956164485378, 26.531019670823451 ], [ 93.141542578216786, 26.555477728884263 ], [ 93.150847823022772, 26.546409010726883 ], [ 93.191392103963167, 26.567019733811836 ], [ 93.20967026340351, 26.556027348166527 ], [ 93.160817728172049, 26.523874620154 ], [ 93.199368028082588, 26.533492957593644 ], [ 93.20967026340351, 26.51480590199662 ], [ 93.204352980657234, 26.501340229581118 ], [ 93.217313857351286, 26.507386041686036 ], [ 93.21299356511993, 26.529645622617785 ], [ 93.233265705590128, 26.535691434722708 ], [ 93.263507751209602, 26.521126523742673 ], [ 93.263507751209602, 26.508760089891702 ], [ 93.283779891679799, 26.519477665895877 ], [ 93.284112221851444, 26.519752475537011 ], [ 93.286770863224575, 26.513981473073223 ], [ 93.290758825284286, 26.50766085132717 ], [ 93.28776785373951, 26.520576904460409 ], [ 93.263840081381247, 26.527447145488726 ], [ 93.275471637388733, 26.533767767234778 ], [ 93.273477656358878, 26.545034962521218 ], [ 93.256528817605101, 26.531844099746849 ], [ 93.262843090866312, 26.537889911851767 ], [ 93.247223572799115, 26.545034962521218 ], [ 93.256528817605101, 26.55108077462614 ], [ 93.235259686619983, 26.552729632472936 ], [ 93.235924346963273, 26.553554061396333 ], [ 93.247888233142405, 26.566744924170703 ], [ 93.25087920468718, 26.569767830223164 ], [ 93.25087920468718, 26.569767830223164 ], [ 93.281453580478299, 26.568943401299766 ], [ 93.297405428717141, 26.574714403763551 ] ] ] } },
{ "type": "Feature", "properties": { "dt_code": "759", "district": "West Karbi Anglong", "st_code": "18", "year": "2016_c", "st_nm": "Assam", "flood_events": 19.0, "fatalities": 1139.0, "injured": 49.0, "displaced": 0.0, "earthquake_events": 1.0, "max_earthquake_magnitude": 4.4, "avg_earthquake_magnitude": 4.4, "population": 0.0, "risk_score": 0.26704545454545453, "risk_level": "LOW" }, "geometry": { "type": "Polygon", "coordinates": [ [ [ 92.395461342879258, 26.113583825942861 ], [ 92.397122993737483, 26.113858635583991 ], [ 92.413074841976325, 26.11550749343079 ], [ 92.413407172147956, 26.11550749343079 ], [ 92.441322906565929, 26.095446389628101 ], [ 92.453951453088351, 26.11550749343079 ], [ 92.478876215961549, 26.12897316584629 ], [ 92.486519809909325, 26.149309079290113 ], [ 92.508785931409378, 26.141339599697265 ], [ 92.522079138275075, 26.155080081753901 ], [ 92.52241146844672, 26.155080081753901 ], [ 92.529058071879575, 26.150957937136909 ], [ 92.519752827073575, 26.102316630656418 ], [ 92.536369335655706, 26.096545628192633 ], [ 92.547668561491548, 26.1105609198904 ], [ 92.570599343334891, 26.116606731995319 ], [ 92.570931673506536, 26.11550749343079 ], [ 92.574587305394601, 26.094896770345834 ], [ 92.595856436379719, 26.080606669006933 ], [ 92.579572257969232, 26.033339410732108 ], [ 92.592200804491654, 26.022621834727932 ], [ 92.593862455349864, 26.0215225961634 ], [ 92.566279051103535, 26.010805020159225 ], [ 92.546006910633338, 25.971507241477248 ], [ 92.551988853722904, 25.966011048654593 ], [ 92.588877502775233, 25.964087381166664 ], [ 92.596188766551364, 25.978102672864431 ], [ 92.655675867275377, 26.000087444155049 ], [ 92.654346546588812, 26.019598928675471 ], [ 92.666975093111233, 26.028392837191717 ], [ 92.713168986969535, 26.017950070828675 ], [ 92.713833647312825, 26.053125704893663 ], [ 92.71416597748447, 26.053400514534797 ], [ 92.71416597748447, 26.053675324175927 ], [ 92.737761419671088, 26.05999594592198 ], [ 92.743078702417364, 26.061369994127645 ], [ 92.744408023103944, 26.060545565204247 ], [ 92.753380937738285, 26.054774562740459 ], [ 92.755042588596496, 26.053950133817061 ], [ 92.746402004133799, 26.039385222837026 ], [ 92.765012493745772, 26.029217266115118 ], [ 92.765012493745772, 26.028942456473985 ], [ 92.765344823917417, 26.028667646832851 ], [ 92.759030550656206, 26.01437754549395 ], [ 92.759030550656206, 26.014102735852816 ], [ 92.781961332499549, 26.009980591235827 ], [ 92.782625992842839, 26.009980591235827 ], [ 92.757036569626351, 26.002560730925243 ], [ 92.778970360954759, 25.99596529953806 ], [ 92.759362880827851, 25.991293535638803 ], [ 92.770662106663707, 25.98909505850974 ], [ 92.762021522200996, 25.984148484969353 ], [ 92.769665116148772, 25.975629386094237 ], [ 92.762686182544286, 25.960514855831939 ], [ 92.775647059238338, 25.948423231622098 ], [ 92.794257548850325, 25.964637000448928 ], [ 92.805224444514522, 25.957766759420611 ], [ 92.806886095372732, 25.95666752085608 ], [ 92.800239491939891, 25.956942330497213 ], [ 92.794257548850325, 25.956392711214949 ], [ 92.78993725661897, 25.93825527490019 ], [ 92.801236482454811, 25.918743790379764 ], [ 92.808215416059312, 25.920942267508828 ], [ 92.816523670350378, 25.923415554279021 ], [ 92.817852991036943, 25.923965173561289 ], [ 92.83413716944743, 25.913522407198244 ], [ 92.854076979745983, 25.924789602484687 ], [ 92.853744649574338, 25.923690363920155 ], [ 92.847762706484772, 25.9039040697586 ], [ 92.86803484695497, 25.868453626052478 ], [ 92.98235642600001, 25.875323867080798 ], [ 93.028550319858326, 25.81266726890254 ], [ 93.030876631059812, 25.811018411055741 ], [ 93.071420912000207, 25.780789350531144 ], [ 93.073747223201707, 25.779140492684348 ], [ 93.06444197839572, 25.775293157708489 ], [ 93.05978935599272, 25.77309468057943 ], [ 93.057795374962865, 25.774468728785092 ], [ 93.018580414709049, 25.801125263974964 ], [ 93.003293226813483, 25.786560352994933 ], [ 93.005951868186628, 25.825583322035776 ], [ 93.006284198358273, 25.826407750959174 ], [ 93.005951868186628, 25.826132941318043 ], [ 92.98102710531343, 25.808545124285548 ], [ 92.98335341651493, 25.782987827660207 ], [ 92.980694775141799, 25.790407687970788 ], [ 92.967401568276088, 25.781888589095676 ], [ 92.965739917417878, 25.785461114430401 ], [ 92.956767002783522, 25.803048931462893 ], [ 92.956434672611891, 25.803873360386291 ], [ 92.962416615701457, 25.815415365313868 ], [ 92.963413606216378, 25.817888652084061 ], [ 92.944138456261115, 25.803048931462893 ], [ 92.928518938193918, 25.806896266438752 ], [ 92.922869325275983, 25.772270251656032 ], [ 92.820843962581733, 25.741491571849167 ], [ 92.820843962581733, 25.741216762208033 ], [ 92.813865028977233, 25.70219379316719 ], [ 92.777308710096548, 25.676361686900712 ], [ 92.774650068723417, 25.674163209771653 ], [ 92.784287643701049, 25.664544872332005 ], [ 92.788275605760759, 25.658224250585953 ], [ 92.762021522200996, 25.632117334678348 ], [ 92.758698220484575, 25.629094428625887 ], [ 92.75836589031293, 25.628544809343623 ], [ 92.767338804947272, 25.617827233339444 ], [ 92.75603957911143, 25.61535394656925 ], [ 92.75437792825322, 25.615079136928117 ], [ 92.75437792825322, 25.615079136928117 ], [ 92.75437792825322, 25.614804327286986 ], [ 92.740420061044233, 25.595842462048829 ], [ 92.733773457611377, 25.593369175278635 ], [ 92.701537430962048, 25.597216510254491 ], [ 92.694890827529207, 25.597766129536758 ], [ 92.694226167185917, 25.598040939177888 ], [ 92.693561506842627, 25.596666890972227 ], [ 92.68259461117843, 25.576605787169537 ], [ 92.664981112081378, 25.572483642552548 ], [ 92.660660819850023, 25.57165921362915 ], [ 92.661325480193298, 25.572208832911414 ], [ 92.657005187961943, 25.582376789633326 ], [ 92.651355575044022, 25.589247030661642 ], [ 92.635736056976825, 25.579079073939731 ], [ 92.622110519939483, 25.565338591883098 ], [ 92.605161681185706, 25.558743160495911 ], [ 92.590539153633443, 25.552697348390993 ], [ 92.584557210543878, 25.550498871261929 ], [ 92.576248956252812, 25.556544683366852 ], [ 92.556641476125904, 25.571109594346883 ], [ 92.553982834752759, 25.614804327286986 ], [ 92.505462629692943, 25.616453185133782 ], [ 92.470235631498838, 25.675262448336184 ], [ 92.440658246222654, 25.691751026804145 ], [ 92.444313878110719, 25.719781610199682 ], [ 92.431020671245022, 25.732148044050653 ], [ 92.4114131911181, 25.730224376562724 ], [ 92.406428238543469, 25.744789287542758 ], [ 92.381835805841916, 25.742041191131431 ], [ 92.384162117043417, 25.754682434623536 ], [ 92.3333156007821, 25.724178564457805 ], [ 92.311381809453692, 25.728025899433664 ], [ 92.264190925080456, 25.709064034195507 ], [ 92.234281209632627, 25.707689985989841 ], [ 92.225308294998285, 25.715934275223823 ], [ 92.224643634654996, 25.715934275223823 ], [ 92.170141486505614, 25.667292968743332 ], [ 92.152195657236916, 25.671415113360325 ], [ 92.155851289124982, 25.67691130618298 ], [ 92.155186628781706, 25.695048742497736 ], [ 92.14455206328914, 25.716483894506091 ], [ 92.144219733117495, 25.717033513788355 ], [ 92.144219733117495, 25.717033513788355 ], [ 92.144219733117495, 25.717308323429489 ], [ 92.161833232214548, 25.742590810413699 ], [ 92.147875365005561, 25.77309468057943 ], [ 92.150866336550351, 25.81678941351953 ], [ 92.177452750281759, 25.851690237943384 ], [ 92.177120420110114, 25.872850580310605 ], [ 92.225640625169916, 25.909400262581254 ], [ 92.202045182983298, 25.906377356528793 ], [ 92.194401589035522, 25.918468980738634 ], [ 92.17545876925189, 25.907476595093325 ], [ 92.154854298610061, 25.911323930069184 ], [ 92.154521968438416, 25.911323930069184 ], [ 92.160836241699627, 25.928362127819412 ], [ 92.152195657236916, 25.944301087005108 ], [ 92.164159543416048, 25.970408002912716 ], [ 92.17545876925189, 25.977553053582167 ], [ 92.263526264737166, 26.033339410732108 ], [ 92.264523255252101, 26.05779746879292 ], [ 92.264523255252101, 26.058347088075184 ], [ 92.273496169886442, 26.065766948385768 ], [ 92.291109668983509, 26.080057049724669 ], [ 92.29376831035664, 26.082255526853729 ], [ 92.29609462155814, 26.082530336494862 ], [ 92.323345695632838, 26.086377671470721 ], [ 92.32999229906568, 26.076759334031077 ], [ 92.359569684341864, 26.091599054652242 ], [ 92.362892986058299, 26.077583762954475 ], [ 92.395461342879258, 26.113583825942861 ] ] ] } }
]
}
